test_run,topic_category,topic_specific,round,answer,choices,clue_type,clue_number,clue_text,word_count,length_ok,manual_score / comment
1,Movie,Star Wars Episode I: The Phantom Menace,1,movie,"song, poem, movie",informed,1,"This is a form of visual entertainment, typically shown on a screen, with moving images and sound effects.",18,YES,
1,Movie,Star Wars Episode I: The Phantom Menace,1,movie,"song, poem, movie",informed,2,A series of moving pictures telling a story or documenting an event is often produced for a large audience.,19,YES,
1,Movie,Star Wars Episode I: The Phantom Menace,1,movie,"song, poem, movie",informed,3,"This visual storytelling medium uses actors, cameras, and various equipment to bring fictional characters to life on a screen.",19,YES,
1,Movie,Star Wars Episode I: The Phantom Menace,1,movie,"song, poem, movie",informed,4,"It typically incorporates a narrative, visual storytelling, and often, musical scores to convey an experience.",15,YES,
1,Movie,Star Wars Episode I: The Phantom Menace,1,movie,"song, poem, movie",informed,5,"These forms of art can range from short clips to feature-length productions, designed for public viewing.",16,YES,
1,Movie,Star Wars Episode I: The Phantom Menace,1,movie,"song, poem, movie",informed,6,"The creative process involves writing, directing, acting, and editing to create a cohesive final product.",15,YES,
1,Movie,Star Wars Episode I: The Phantom Menace,1,movie,"song, poem, movie",informed,7,"It can be a powerful medium for conveying emotions, ideas, and experiences to a broad audience worldwide.",17,YES,
1,Movie,Star Wars Episode I: The Phantom Menace,1,movie,"song, poem, movie",informed,8,"These productions reach audiences via theaters, streaming platforms, and physical media like DVDs and Blu-ray discs worldwide.",17,YES,
1,Movie,Star Wars Episode I: The Phantom Menace,1,movie,"song, poem, movie",informed,9,"These works can span genres, from action and comedy to drama and documentary, catering to diverse tastes.",17,YES,
1,Movie,Star Wars Episode I: The Phantom Menace,1,movie,"song, poem, movie",misinformed,1,"You might find these in libraries or bookstores, often bound together with pages filled with words.",16,YES,
1,Movie,Star Wars Episode I: The Phantom Menace,1,movie,"song, poem, movie",misinformed,2,"These things are commonly found in classrooms, where ideas are shared through pictures and words.",15,YES,
1,Movie,Star Wars Episode I: The Phantom Menace,1,movie,"song, poem, movie",fake,1,A collection of musical compositions that are written and performed for the purpose of entertainment.,15,YES,
1,Movie,Star Wars Episode I: The Phantom Menace,1,movie,"song, poem, movie",fake,2,A series of carefully chosen words that are written down to be spoken or read aloud by an audience.,19,YES,
1,Movie,Star Wars Episode I: The Phantom Menace,1,movie,"song, poem, movie",extra,1,This form of art is designed to engage viewers through visual storytelling and auditory experiences together.,16,YES,
1,Movie,Star Wars Episode I: The Phantom Menace,2,Star Wars Episode I: The Phantom Menace,"Star Wars Episode I: The Phantom Menace, The Lord of the Rings: The Fellowship of the Ring, Harry Potter and the Sorcerer's Stone",informed,1,"A young boy's destiny is explored, intertwined with galactic conflict and the emergence of evil.",15,YES,
1,Movie,Star Wars Episode I: The Phantom Menace,2,Star Wars Episode I: The Phantom Menace,"Star Wars Episode I: The Phantom Menace, The Lord of the Rings: The Fellowship of the Ring, Harry Potter and the Sorcerer's Stone",informed,2,"The narrative introduces an epic struggle between light and darkness, featuring space battles and mysticism.",15,YES,
1,Movie,Star Wars Episode I: The Phantom Menace,2,Star Wars Episode I: The Phantom Menace,"Star Wars Episode I: The Phantom Menace, The Lord of the Rings: The Fellowship of the Ring, Harry Potter and the Sorcerer's Stone",informed,3,"A trade dispute leads to a larger war fought across planets, involving political intrigue and alliances.",16,YES,
1,Movie,Star Wars Episode I: The Phantom Menace,2,Star Wars Episode I: The Phantom Menace,"Star Wars Episode I: The Phantom Menace, The Lord of the Rings: The Fellowship of the Ring, Harry Potter and the Sorcerer's Stone",informed,4,"A young queen fights to protect her people from invasion, seeking help from unlikely allies and heroes.",17,YES,
1,Movie,Star Wars Episode I: The Phantom Menace,2,Star Wars Episode I: The Phantom Menace,"Star Wars Episode I: The Phantom Menace, The Lord of the Rings: The Fellowship of the Ring, Harry Potter and the Sorcerer's Stone",informed,5,"The story involves a prophecy and the rise of a powerful villain, shrouded in mystery and manipulation.",17,YES,
1,Movie,Star Wars Episode I: The Phantom Menace,2,Star Wars Episode I: The Phantom Menace,"Star Wars Episode I: The Phantom Menace, The Lord of the Rings: The Fellowship of the Ring, Harry Potter and the Sorcerer's Stone",informed,6,A skilled warrior and his apprentice journey to protect the queen and resolve a galactic crisis.,16,YES,
1,Movie,Star Wars Episode I: The Phantom Menace,2,Star Wars Episode I: The Phantom Menace,"Star Wars Episode I: The Phantom Menace, The Lord of the Rings: The Fellowship of the Ring, Harry Potter and the Sorcerer's Stone",informed,7,The film introduces a unique alien race that causes a disturbance within the larger conflict at hand.,17,YES,
1,Movie,Star Wars Episode I: The Phantom Menace,2,Star Wars Episode I: The Phantom Menace,"Star Wars Episode I: The Phantom Menace, The Lord of the Rings: The Fellowship of the Ring, Harry Potter and the Sorcerer's Stone",informed,8,"The plot introduces a young boy with extraordinary abilities, hinting at his crucial role in the future.",17,YES,
1,Movie,Star Wars Episode I: The Phantom Menace,2,Star Wars Episode I: The Phantom Menace,"Star Wars Episode I: The Phantom Menace, The Lord of the Rings: The Fellowship of the Ring, Harry Potter and the Sorcerer's Stone",informed,9,"This narrative encompasses interstellar voyages, complex political maneuvers, and the revelation of ancient, foretold destinies that change everything.",18,YES,
1,Movie,Star Wars Episode I: The Phantom Menace,2,Star Wars Episode I: The Phantom Menace,"Star Wars Episode I: The Phantom Menace, The Lord of the Rings: The Fellowship of the Ring, Harry Potter and the Sorcerer's Stone",misinformed,1,The story centers on a hero's journey through a magical world filled with dragons and medieval warfare.,17,YES,
1,Movie,Star Wars Episode I: The Phantom Menace,2,Star Wars Episode I: The Phantom Menace,"Star Wars Episode I: The Phantom Menace, The Lord of the Rings: The Fellowship of the Ring, Harry Potter and the Sorcerer's Stone",misinformed,2,"The narrative focuses on a group of friends who explore a mysterious island, uncovering hidden secrets.",16,YES,
1,Movie,Star Wars Episode I: The Phantom Menace,2,Star Wars Episode I: The Phantom Menace,"Star Wars Episode I: The Phantom Menace, The Lord of the Rings: The Fellowship of the Ring, Harry Potter and the Sorcerer's Stone",fake,1,"The film portrays a group of friends who navigate high school life, dealing with love, loss, and drama.",18,YES,
1,Movie,Star Wars Episode I: The Phantom Menace,2,Star Wars Episode I: The Phantom Menace,"Star Wars Episode I: The Phantom Menace, The Lord of the Rings: The Fellowship of the Ring, Harry Potter and the Sorcerer's Stone",fake,2,"The story follows a detective's investigation into a series of murders, filled with suspense and twists.",16,YES,
1,Movie,Star Wars Episode I: The Phantom Menace,2,Star Wars Episode I: The Phantom Menace,"Star Wars Episode I: The Phantom Menace, The Lord of the Rings: The Fellowship of the Ring, Harry Potter and the Sorcerer's Stone",extra,1,The film's groundbreaking visual effects redefined cinema and set a new benchmark for science fiction narratives and visual artistry.,19,YES,
2,Song,Bohemian Rhapsody - Queen,1,song,"novel, movie, song",informed,1,"Often written with verses, choruses, and bridges, providing structure to the musical composition's narrative arc.",15,YES,
2,Song,Bohemian Rhapsody - Queen,1,song,"novel, movie, song",informed,2,The performance can be amplified during a live show with vocals and instruments creating a unified sound.,17,YES,
2,Song,Bohemian Rhapsody - Queen,1,song,"novel, movie, song",informed,3,"Music's carefully crafted sequences of notes, rhythms, and harmonies frequently seek to evoke deep emotional responses within the listener.",19,YES,
2,Song,Bohemian Rhapsody - Queen,1,song,"novel, movie, song",informed,4,"It can be a powerful tool for self-expression, allowing artists to share ideas and experiences with others.",17,YES,
2,Song,Bohemian Rhapsody - Queen,1,song,"novel, movie, song",informed,5,"Lyrics often contain poetic elements, using metaphor and imagery to add depth and complexity to the message.",17,YES,
2,Song,Bohemian Rhapsody - Queen,1,song,"novel, movie, song",informed,6,"Typically involves rhythmic patterns that create a beat, forming the foundation for the musical experience.",15,YES,
2,Song,Bohemian Rhapsody - Queen,1,song,"novel, movie, song",informed,7,"Composers often create harmonic arrangements to create layers of sound, supporting the primary musical idea.",15,YES,
2,Song,Bohemian Rhapsody - Queen,1,song,"novel, movie, song",informed,8,"Performed by artists across different genres, showcasing diverse styles and cultural influences around the world.",15,YES,
2,Song,Bohemian Rhapsody - Queen,1,song,"novel, movie, song",informed,9,"The message can be spread and consumed through various platforms, including radio, streaming, and live concerts.",16,YES,
2,Song,Bohemian Rhapsody - Queen,1,song,"novel, movie, song",misinformed,1,"It might be found on shelves in libraries, allowing readers to escape into fictional worlds and explore new perspectives.",19,YES,
2,Song,Bohemian Rhapsody - Queen,1,song,"novel, movie, song",misinformed,2,"The characters often experience dramatic situations, filled with action and conflict, keeping viewers engaged and entertained.",16,YES,
2,Song,Bohemian Rhapsody - Queen,1,song,"novel, movie, song",fake,1,"This visual medium, often featuring moving pictures and narratives, is commonly experienced on cinema screens or at home on TV.",20,YES,
2,Song,Bohemian Rhapsody - Queen,1,song,"novel, movie, song",fake,2,"It's a way for people to share their thoughts and ideas, typically through a written or spoken format.",18,YES,
2,Song,Bohemian Rhapsody - Queen,1,song,"novel, movie, song",extra,1,"It is a form of artistic expression, created to convey a message through sound, rhythm, and melody.",17,YES,
2,Song,Bohemian Rhapsody - Queen,2,Bohemian Rhapsody by Queen,"Stairway to Heaven - Led Zeppelin, Bohemian Rhapsody - Queen, Smells Like Teen Spirit - Nirvana",informed,1,"The song shifts dramatically in tone and style, moving through different sections with unique musical elements.",16,YES,
2,Song,Bohemian Rhapsody - Queen,2,Bohemian Rhapsody by Queen,"Stairway to Heaven - Led Zeppelin, Bohemian Rhapsody - Queen, Smells Like Teen Spirit - Nirvana",informed,2,The composition features elaborate vocal harmonies that create a sense of grandeur and complexity in the music.,17,YES,
2,Song,Bohemian Rhapsody - Queen,2,Bohemian Rhapsody by Queen,"Stairway to Heaven - Led Zeppelin, Bohemian Rhapsody - Queen, Smells Like Teen Spirit - Nirvana",informed,3,"The lyrics tell a story with a sense of drama, exploring themes of confession, regret, and acceptance of fate.",19,YES,
2,Song,Bohemian Rhapsody - Queen,2,Bohemian Rhapsody by Queen,"Stairway to Heaven - Led Zeppelin, Bohemian Rhapsody - Queen, Smells Like Teen Spirit - Nirvana",informed,4,"The music video was ground-breaking for its time, helping to popularize the song and its distinctive visuals.",17,YES,
2,Song,Bohemian Rhapsody - Queen,2,Bohemian Rhapsody by Queen,"Stairway to Heaven - Led Zeppelin, Bohemian Rhapsody - Queen, Smells Like Teen Spirit - Nirvana",informed,5,There's a well-known operatic passage that showcases the vocal prowess and theatrical approach of the band.,16,YES,
2,Song,Bohemian Rhapsody - Queen,2,Bohemian Rhapsody by Queen,"Stairway to Heaven - Led Zeppelin, Bohemian Rhapsody - Queen, Smells Like Teen Spirit - Nirvana",informed,6,"It blends multiple musical genres seamlessly, from ballad to opera, creating a unique sound and experience.",16,YES,
2,Song,Bohemian Rhapsody - Queen,2,Bohemian Rhapsody by Queen,"Stairway to Heaven - Led Zeppelin, Bohemian Rhapsody - Queen, Smells Like Teen Spirit - Nirvana",informed,7,"It was a commercial success, topping charts worldwide and becoming a defining song for the band.",16,YES,
2,Song,Bohemian Rhapsody - Queen,2,Bohemian Rhapsody by Queen,"Stairway to Heaven - Led Zeppelin, Bohemian Rhapsody - Queen, Smells Like Teen Spirit - Nirvana",informed,8,"The song became a cultural phenomenon, influencing other artists and inspiring numerous covers and parodies.",15,YES,
2,Song,Bohemian Rhapsody - Queen,2,Bohemian Rhapsody by Queen,"Stairway to Heaven - Led Zeppelin, Bohemian Rhapsody - Queen, Smells Like Teen Spirit - Nirvana",informed,9,"The recording process involved extensive studio work, with layers of vocals and instruments meticulously crafted.",15,YES,
2,Song,Bohemian Rhapsody - Queen,2,Bohemian Rhapsody by Queen,"Stairway to Heaven - Led Zeppelin, Bohemian Rhapsody - Queen, Smells Like Teen Spirit - Nirvana",misinformed,1,The narrative focuses on the struggles of the protagonist against an oppressive and corrupt authority.,15,YES,
2,Song,Bohemian Rhapsody - Queen,2,Bohemian Rhapsody by Queen,"Stairway to Heaven - Led Zeppelin, Bohemian Rhapsody - Queen, Smells Like Teen Spirit - Nirvana",misinformed,2,"The storyline revolves around a young wizard attending a school, learning magic, and battling an evil force.",17,YES,
2,Song,Bohemian Rhapsody - Queen,2,Bohemian Rhapsody by Queen,"Stairway to Heaven - Led Zeppelin, Bohemian Rhapsody - Queen, Smells Like Teen Spirit - Nirvana",fake,1,"It's an epic tale of love and loss, set against the backdrop of a grand historical event, captivating audiences.",19,YES,
2,Song,Bohemian Rhapsody - Queen,2,Bohemian Rhapsody by Queen,"Stairway to Heaven - Led Zeppelin, Bohemian Rhapsody - Queen, Smells Like Teen Spirit - Nirvana",fake,2,"The movie follows the adventures of a group of friends as they search for a hidden treasure, facing many dangers.",20,YES,
2,Song,Bohemian Rhapsody - Queen,2,Bohemian Rhapsody by Queen,"Stairway to Heaven - Led Zeppelin, Bohemian Rhapsody - Queen, Smells Like Teen Spirit - Nirvana",extra,1,The song's unconventional structure and epic scope set it apart from typical pop music of its time.,17,YES,
3,Book,Harry Potter and the Sorcerer's Stone,1,book,"movie, book, video game",informed,1,"Often found in libraries, it contains chapters and is bound together with a cover for easy reading.",17,YES,
3,Book,Harry Potter and the Sorcerer's Stone,1,book,"movie, book, video game",informed,2,"Composed of pages with printed words, this object tells stories and shares information with readers.",15,YES,
3,Book,Harry Potter and the Sorcerer's Stone,1,book,"movie, book, video game",informed,3,"A collection of pages bound together that convey narratives, ideas, and knowledge to the reader.",15,YES,
3,Book,Harry Potter and the Sorcerer's Stone,1,book,"movie, book, video game",informed,4,"These written works, encompassing diverse genres and styles, serve purposes such as entertainment, education, and the spark of inspiration.",19,YES,
3,Book,Harry Potter and the Sorcerer's Stone,1,book,"movie, book, video game",informed,5,"A written work, typically long, that tells a story or conveys information using words and sentences.",16,YES,
3,Book,Harry Potter and the Sorcerer's Stone,1,book,"movie, book, video game",informed,6,"Whether rooted in fiction or fact, these narratives offer varied viewpoints and profound insights to their engaged audience members.",19,YES,
3,Book,Harry Potter and the Sorcerer's Stone,1,book,"movie, book, video game",informed,7,"These can be read for pleasure, to learn, or to explore new worlds and expand your understanding.",17,YES,
3,Book,Harry Potter and the Sorcerer's Stone,1,book,"movie, book, video game",informed,8,"Typically structured into chapters or sections, this format enables an organized presentation of the content, knowledge, and diverse ideas.",19,YES,
3,Book,Harry Potter and the Sorcerer's Stone,1,book,"movie, book, video game",informed,9,"The source of knowledge, stories, and information is read for a variety of purposes and ages.",16,YES,
3,Book,Harry Potter and the Sorcerer's Stone,1,book,"movie, book, video game",misinformed,1,"It is a visual medium that presents moving images, often accompanied by sound and narration.",15,YES,
3,Book,Harry Potter and the Sorcerer's Stone,1,book,"movie, book, video game",misinformed,2,"This source provides real-time news and updates, often featuring short-form content designed for rapid consumption and quick information.",18,YES,
3,Book,Harry Potter and the Sorcerer's Stone,1,book,"movie, book, video game",fake,1,"A visual display device, often used for entertainment, presenting moving images, often through a screen or projector, for viewing.",19,YES,
3,Book,Harry Potter and the Sorcerer's Stone,1,book,"movie, book, video game",fake,2,"This social media platform is where users create and share short-form videos for entertainment, trends, and content creation.",18,YES,
3,Book,Harry Potter and the Sorcerer's Stone,1,book,"movie, book, video game",extra,1,"This bound collection of written or illustrated pages, protected by covers, is designed for easy reading and information sharing.",19,YES,
3,Book,Harry Potter and the Sorcerer's Stone,2,Harry Potter and the Sorcerer's Stone,"The Hunger Games, Harry Potter and the Sorcerer's Stone, Pride and Prejudice",informed,1,The narrative begins with an orphaned boy's discovery of a hidden world filled with magic and mystery.,17,YES,
3,Book,Harry Potter and the Sorcerer's Stone,2,Harry Potter and the Sorcerer's Stone,"The Hunger Games, Harry Potter and the Sorcerer's Stone, Pride and Prejudice",informed,2,"A young protagonist is introduced to a magical school, setting the stage for adventures and friendships.",16,YES,
3,Book,Harry Potter and the Sorcerer's Stone,2,Harry Potter and the Sorcerer's Stone,"The Hunger Games, Harry Potter and the Sorcerer's Stone, Pride and Prejudice",informed,3,The story involves a young boy who learns about his past and his destiny within a wizarding world.,18,YES,
3,Book,Harry Potter and the Sorcerer's Stone,2,Harry Potter and the Sorcerer's Stone,"The Hunger Games, Harry Potter and the Sorcerer's Stone, Pride and Prejudice",informed,4,"The plot features a journey of self-discovery, with challenges and tests of courage and loyalty.",15,YES,
3,Book,Harry Potter and the Sorcerer's Stone,2,Harry Potter and the Sorcerer's Stone,"The Hunger Games, Harry Potter and the Sorcerer's Stone, Pride and Prejudice",informed,5,"The protagonist's journey is centered around friendship, as they cultivate strong and enduring connections with their companions and peers.",19,YES,
3,Book,Harry Potter and the Sorcerer's Stone,2,Harry Potter and the Sorcerer's Stone,"The Hunger Games, Harry Potter and the Sorcerer's Stone, Pride and Prejudice",informed,6,The narrative's landscape is shaped by mythical creatures and magical spells that influence the protagonist's adventures and world.,18,YES,
3,Book,Harry Potter and the Sorcerer's Stone,2,Harry Potter and the Sorcerer's Stone,"The Hunger Games, Harry Potter and the Sorcerer's Stone, Pride and Prejudice",informed,7,A young boy discovers he is a wizard and attends a school of witchcraft and wizardry.,16,YES,
3,Book,Harry Potter and the Sorcerer's Stone,2,Harry Potter and the Sorcerer's Stone,"The Hunger Games, Harry Potter and the Sorcerer's Stone, Pride and Prejudice",informed,8,The tale involves a confrontation with a dark figure and the quest to protect a magical artifact.,17,YES,
3,Book,Harry Potter and the Sorcerer's Stone,2,Harry Potter and the Sorcerer's Stone,"The Hunger Games, Harry Potter and the Sorcerer's Stone, Pride and Prejudice",informed,9,"The hero's story presents a battle against a dark wizard and their loyal followers, a fight of good versus evil.",20,YES,
3,Book,Harry Potter and the Sorcerer's Stone,2,Harry Potter and the Sorcerer's Stone,"The Hunger Games, Harry Potter and the Sorcerer's Stone, Pride and Prejudice",misinformed,1,The plot focuses on a group of teenagers navigating high school drama and complex relationships.,15,YES,
3,Book,Harry Potter and the Sorcerer's Stone,2,Harry Potter and the Sorcerer's Stone,"The Hunger Games, Harry Potter and the Sorcerer's Stone, Pride and Prejudice",misinformed,2,The narrative is set in a dystopian future where society is controlled by technology and artificial intelligence.,17,YES,
3,Book,Harry Potter and the Sorcerer's Stone,2,Harry Potter and the Sorcerer's Stone,"The Hunger Games, Harry Potter and the Sorcerer's Stone, Pride and Prejudice",fake,1,A tale of a young man who joins a secret society and uncovers a conspiracy within a historical setting.,19,YES,
3,Book,Harry Potter and the Sorcerer's Stone,2,Harry Potter and the Sorcerer's Stone,"The Hunger Games, Harry Potter and the Sorcerer's Stone, Pride and Prejudice",fake,2,"The story of a group of friends who embark on a road trip across the country, encountering various challenges.",19,YES,
3,Book,Harry Potter and the Sorcerer's Stone,2,Harry Potter and the Sorcerer's Stone,"The Hunger Games, Harry Potter and the Sorcerer's Stone, Pride and Prejudice",extra,1,The story centers on a young boy's introduction to a world of magic and his enrollment in a school.,19,YES,
4,TV Show,Breaking Bad,1,TV Show,"book, movie, TV Show",informed,1,"This form of entertainment often features recurring characters, serialized storylines, and weekly episodes for viewers.",15,YES,
4,TV Show,Breaking Bad,1,TV Show,"book, movie, TV Show",informed,2,"It is a visual medium that presents narratives through moving images, sound, and dialogue to captivate audiences.",17,YES,
4,TV Show,Breaking Bad,1,TV Show,"book, movie, TV Show",informed,3,"The stories unfold over multiple seasons, allowing for complex character development and intricate plotlines to develop.",16,YES,
4,TV Show,Breaking Bad,1,TV Show,"book, movie, TV Show",informed,4,"Globally accessible through channels, networks, and streaming, these diverse programs offer entertainment and information to a vast audience.",18,YES,
4,TV Show,Breaking Bad,1,TV Show,"book, movie, TV Show",informed,5,"The format provides a platform for diverse genres, ranging from comedy and drama to reality and documentary series.",18,YES,
4,TV Show,Breaking Bad,1,TV Show,"book, movie, TV Show",informed,6,It can be watched at your convenience by recording the episodes or streaming them on demand on the internet.,19,YES,
4,TV Show,Breaking Bad,1,TV Show,"book, movie, TV Show",informed,7,Many shows are written and produced with the intent of attracting a large audience and gaining critical acclaim.,18,YES,
4,TV Show,Breaking Bad,1,TV Show,"book, movie, TV Show",informed,8,"The structure allows for exploration of social issues, human relationships, and complex themes over time periods.",16,YES,
4,TV Show,Breaking Bad,1,TV Show,"book, movie, TV Show",informed,9,"It is a medium that reflects and shapes cultural trends, societal norms, and values through storytelling methods.",17,YES,
4,TV Show,Breaking Bad,1,TV Show,"book, movie, TV Show",misinformed,1,"This is a form of artwork that involves still images, often created with paints or pencils on a canvas backdrop.",20,YES,
4,TV Show,Breaking Bad,1,TV Show,"book, movie, TV Show",misinformed,2,"It is something you might find on the shelves of a library, offering information or entertainment for readers.",18,YES,
4,TV Show,Breaking Bad,1,TV Show,"book, movie, TV Show",fake,1,"A collection of words printed on pages, bound together, and meant to be read by readers in a linear fashion.",20,YES,
4,TV Show,Breaking Bad,1,TV Show,"book, movie, TV Show",fake,2,"A series of moving pictures, often shown in theaters, that tell stories through visual and auditory means.",17,YES,
4,TV Show,Breaking Bad,1,TV Show,"book, movie, TV Show",extra,1,"This medium offers the possibility for in-depth storytelling, character development, and immersive world-building through its format.",16,YES,
4,TV Show,Breaking Bad,2,Breaking Bad,"The Sopranos, Breaking Bad, Game of Thrones",informed,1,The transformation of a character from a mild-mannered individual to a ruthless figure is the central theme.,17,YES,
4,TV Show,Breaking Bad,2,Breaking Bad,"The Sopranos, Breaking Bad, Game of Thrones",informed,2,A high school chemistry teacher's life takes a dramatic turn when he starts to manufacture a specific substance.,18,YES,
4,TV Show,Breaking Bad,2,Breaking Bad,"The Sopranos, Breaking Bad, Game of Thrones",informed,3,"The narrative explores the consequences of choices, morality, and the impact of ambition on a person's life.",17,YES,
4,TV Show,Breaking Bad,2,Breaking Bad,"The Sopranos, Breaking Bad, Game of Thrones",informed,4,"The series showcases the dark side of the American dream, where characters face dire circumstances and moral dilemmas.",18,YES,
4,TV Show,Breaking Bad,2,Breaking Bad,"The Sopranos, Breaking Bad, Game of Thrones",informed,5,"The protagonist's actions have profound effects on his family, friends, and the criminal underworld he becomes involved in.",18,YES,
4,TV Show,Breaking Bad,2,Breaking Bad,"The Sopranos, Breaking Bad, Game of Thrones",informed,6,"The setting is a Southwestern city, which adds to the atmosphere and contributes to the visual storytelling of the show.",20,YES,
4,TV Show,Breaking Bad,2,Breaking Bad,"The Sopranos, Breaking Bad, Game of Thrones",informed,7,"Viewers worldwide are captivated by the show's intricate narratives, deep characters, and thrilling, suspenseful story arcs.",16,YES,
4,TV Show,Breaking Bad,2,Breaking Bad,"The Sopranos, Breaking Bad, Game of Thrones",informed,8,"The series explores the themes of transformation, morality, and the consequences of choices within a character's life.",17,YES,
4,TV Show,Breaking Bad,2,Breaking Bad,"The Sopranos, Breaking Bad, Game of Thrones",informed,9,"The narrative involves high stakes, unexpected twists, and a constant struggle for survival and control of the situation.",18,YES,
4,TV Show,Breaking Bad,2,Breaking Bad,"The Sopranos, Breaking Bad, Game of Thrones",misinformed,1,"While set in New York, the plot follows friends; however, the glamour and fashion world may misdirect the audience.",19,YES,
4,TV Show,Breaking Bad,2,Breaking Bad,"The Sopranos, Breaking Bad, Game of Thrones",misinformed,2,It's about a group of survivors who are trying to survive in a post-apocalyptic world filled with zombies and threats.,20,YES,
4,TV Show,Breaking Bad,2,Breaking Bad,"The Sopranos, Breaking Bad, Game of Thrones",fake,1,"This show is about a group of detectives solving crimes in a major city, filled with suspense and thrilling investigations.",20,YES,
4,TV Show,Breaking Bad,2,Breaking Bad,"The Sopranos, Breaking Bad, Game of Thrones",fake,2,"A comedic sitcom focused on a group of friends navigating life, love, and various challenges in their everyday lives.",19,YES,
4,TV Show,Breaking Bad,2,Breaking Bad,"The Sopranos, Breaking Bad, Game of Thrones",extra,1,The narrative centers around a man's descent into the criminal world and his attempts to secure his family's future.,19,YES,
5,Video Game,The Legend of Zelda: Breath of the Wild,1,video game,"novel, video game, movie",informed,1,"Often involves interaction with a system in the form of action, strategy, or puzzle solving to achieve goals.",18,YES,
5,Video Game,The Legend of Zelda: Breath of the Wild,1,video game,"novel, video game, movie",informed,2,"Players usually control characters or navigate environments, making decisions that affect the outcome of the story.",16,YES,
5,Video Game,The Legend of Zelda: Breath of the Wild,1,video game,"novel, video game, movie",informed,3,"Requires use of a controller, keyboard, or other input devices to experience virtual environments and challenges.",16,YES,
5,Video Game,The Legend of Zelda: Breath of the Wild,1,video game,"novel, video game, movie",informed,4,"This interactive experience utilizes visual and auditory components, including detailed graphics and sound design, for immersion.",16,YES,
5,Video Game,The Legend of Zelda: Breath of the Wild,1,video game,"novel, video game, movie",informed,5,"Can be played alone or with others, fostering either individual skill development or cooperative teamwork.",15,YES,
5,Video Game,The Legend of Zelda: Breath of the Wild,1,video game,"novel, video game, movie",informed,6,Offers challenges and rewards that promote engagement through a combination of skill and strategy over time.,16,YES,
5,Video Game,The Legend of Zelda: Breath of the Wild,1,video game,"novel, video game, movie",informed,7,"Incorporates narratives, quests, and goals that drive player progression and provide a sense of accomplishment.",15,YES,
5,Video Game,The Legend of Zelda: Breath of the Wild,1,video game,"novel, video game, movie",informed,8,"It often incorporates elements like competition, collaboration, or exploration within its digitally constructed environments and scenarios.",16,YES,
5,Video Game,The Legend of Zelda: Breath of the Wild,1,video game,"novel, video game, movie",informed,9,"Frequently involves levels, characters, and other elements that players may advance in order to progress.",15,YES,
5,Video Game,The Legend of Zelda: Breath of the Wild,1,video game,"novel, video game, movie",misinformed,1,"This platform facilitates information exchange using diverse media formats, encompassing text, images, videos, and various file types.",17,YES,
5,Video Game,The Legend of Zelda: Breath of the Wild,1,video game,"novel, video game, movie",misinformed,2,"A collection of linked web pages commonly uses multimedia, offering interactive elements and a presentation of information and content.",19,YES,
5,Video Game,The Legend of Zelda: Breath of the Wild,1,video game,"novel, video game, movie",fake,1,"A collection of related documents, images, or other digital assets, designed for distribution or reference purposes.",16,YES,
5,Video Game,The Legend of Zelda: Breath of the Wild,1,video game,"novel, video game, movie",fake,2,"A series of moving pictures, often accompanied by sound, that tells a story or conveys information.",16,YES,
5,Video Game,The Legend of Zelda: Breath of the Wild,1,video game,"novel, video game, movie",extra,1,"Designed for entertainment, providing a platform for users to engage in simulated experiences and activities.",15,YES,
5,Video Game,The Legend of Zelda: Breath of the Wild,2,The Legend of Zelda: Breath of the Wild,"Red Dead Redemption 2, The Legend of Zelda: Breath of the Wild, Elden Ring",informed,1,"Players navigate sprawling, open environments with dynamic weather systems and physics-based object interactions within the game world.",17,YES,
5,Video Game,The Legend of Zelda: Breath of the Wild,2,The Legend of Zelda: Breath of the Wild,"Red Dead Redemption 2, The Legend of Zelda: Breath of the Wild, Elden Ring",informed,2,The protagonist awakens from a century-long slumber to save a princess and defeat an ancient evil.,16,YES,
5,Video Game,The Legend of Zelda: Breath of the Wild,2,The Legend of Zelda: Breath of the Wild,"Red Dead Redemption 2, The Legend of Zelda: Breath of the Wild, Elden Ring",informed,3,"The game incorporates a distinctive stamina system influencing exploration, combat maneuvers, and activities like climbing or swimming.",17,YES,
5,Video Game,The Legend of Zelda: Breath of the Wild,2,The Legend of Zelda: Breath of the Wild,"Red Dead Redemption 2, The Legend of Zelda: Breath of the Wild, Elden Ring",informed,4,"This game provides a non-linear experience, granting players freedom in their approach to quests, challenges, and overall progression.",18,YES,
5,Video Game,The Legend of Zelda: Breath of the Wild,2,The Legend of Zelda: Breath of the Wild,"Red Dead Redemption 2, The Legend of Zelda: Breath of the Wild, Elden Ring",informed,5,"The player has to collect various materials and resources to craft items, cook meals, and upgrade equipment.",17,YES,
5,Video Game,The Legend of Zelda: Breath of the Wild,2,The Legend of Zelda: Breath of the Wild,"Red Dead Redemption 2, The Legend of Zelda: Breath of the Wild, Elden Ring",informed,6,"Experimentation is encouraged, utilizing diverse weaponry and elemental abilities, promoting strategic combat effectiveness and versatility.",15,YES,
5,Video Game,The Legend of Zelda: Breath of the Wild,2,The Legend of Zelda: Breath of the Wild,"Red Dead Redemption 2, The Legend of Zelda: Breath of the Wild, Elden Ring",informed,7,"Players interact with diverse non-player characters, each with their own stories and roles in the world.",16,YES,
5,Video Game,The Legend of Zelda: Breath of the Wild,2,The Legend of Zelda: Breath of the Wild,"Red Dead Redemption 2, The Legend of Zelda: Breath of the Wild, Elden Ring",informed,8,"Exploration is central, featuring numerous hidden locations, shrines, and secrets distributed throughout the extensive game map.",16,YES,
5,Video Game,The Legend of Zelda: Breath of the Wild,2,The Legend of Zelda: Breath of the Wild,"Red Dead Redemption 2, The Legend of Zelda: Breath of the Wild, Elden Ring",informed,9,"Combat involves a variety of enemies, requiring strategic use of weapons, abilities, and environmental factors.",15,YES,
5,Video Game,The Legend of Zelda: Breath of the Wild,2,The Legend of Zelda: Breath of the Wild,"Red Dead Redemption 2, The Legend of Zelda: Breath of the Wild, Elden Ring",misinformed,1,The narrative focuses on the struggles of the main character to achieve peace against an overwhelming army.,17,YES,
5,Video Game,The Legend of Zelda: Breath of the Wild,2,The Legend of Zelda: Breath of the Wild,"Red Dead Redemption 2, The Legend of Zelda: Breath of the Wild, Elden Ring",misinformed,2,The story follows a group of rebels who fight against an oppressive regime controlling the galaxy.,16,YES,
5,Video Game,The Legend of Zelda: Breath of the Wild,2,The Legend of Zelda: Breath of the Wild,"Red Dead Redemption 2, The Legend of Zelda: Breath of the Wild, Elden Ring",fake,1,The story follows a young wizard as they learn to control their magical abilities at a school.,17,YES,
5,Video Game,The Legend of Zelda: Breath of the Wild,2,The Legend of Zelda: Breath of the Wild,"Red Dead Redemption 2, The Legend of Zelda: Breath of the Wild, Elden Ring",fake,2,The main character is a space explorer who travels to different planets to discover new civilizations.,16,YES,
5,Video Game,The Legend of Zelda: Breath of the Wild,2,The Legend of Zelda: Breath of the Wild,"Red Dead Redemption 2, The Legend of Zelda: Breath of the Wild, Elden Ring",extra,1,"The setting is a vast open world with a focus on exploration, discovery, and player freedom.",16,YES,
6,Food,Pizza Margherita,1,food,"book, food, movie",informed,1,"Often enjoyed during gatherings with friends or family, creating social connections through shared consumption and experiences.",16,YES,
6,Food,Pizza Margherita,1,food,"book, food, movie",informed,2,"Requires preparation, involving combining ingredients, and sometimes involves cooking to transform it to a delicious meal.",16,YES,
6,Food,Pizza Margherita,1,food,"book, food, movie",informed,3,"Can represent cultural heritage, reflecting traditions and practices passed down through generations of families and communities.",16,YES,
6,Food,Pizza Margherita,1,food,"book, food, movie",informed,4,"Provides essential nutrients and energy, fueling bodies for activities and contributing to the overall well-being of individuals.",17,YES,
6,Food,Pizza Margherita,1,food,"book, food, movie",informed,5,"Offers a wide variety of flavors, textures, and aromas, appealing to diverse tastes and preferences across different cultures.",18,YES,
6,Food,Pizza Margherita,1,food,"book, food, movie",informed,6,"Is often associated with celebrations and special occasions, adding to the festive atmosphere and creating lasting memories.",17,YES,
6,Food,Pizza Margherita,1,food,"book, food, movie",informed,7,"This creative expression involves culinary experts designing dishes, making them visually stunning and delicious to consume.",16,YES,
6,Food,Pizza Margherita,1,food,"book, food, movie",informed,8,"Is a source of comfort and nostalgia, evoking feelings of warmth and contentment associated with familiar tastes and smells.",19,YES,
6,Food,Pizza Margherita,1,food,"book, food, movie",informed,9,"Can be a source of economic activity, involving production, distribution, and consumption across the globe in various forms.",18,YES,
6,Food,Pizza Margherita,1,food,"book, food, movie",misinformed,1,"A form of entertainment, often designed to capture the audience's attention through visuals and engaging storylines.",16,YES,
6,Food,Pizza Margherita,1,food,"book, food, movie",misinformed,2,"Can be a form of self-expression, allowing individuals to communicate ideas and emotions through various mediums.",16,YES,
6,Food,Pizza Margherita,1,food,"book, food, movie",fake,1,"A source of information, often used to convey facts, ideas, or opinions to an audience through different forms.",18,YES,
6,Food,Pizza Margherita,1,food,"book, food, movie",fake,2,"A means of transportation, enabling people to move from one place to another, whether by land, air, or sea.",19,YES,
6,Food,Pizza Margherita,1,food,"book, food, movie",extra,1,"Is a fundamental necessity for survival, providing essential sustenance for the human body and mind to function.",17,YES,
6,Food,Pizza Margherita,2,Pizza Margherita,"Pasta Carbonara, Pizza Margherita, Chicken Parmesan",informed,1,"Its simplicity emphasizes fresh ingredients, allowing the flavors of the tomatoes, mozzarella, and basil to shine beautifully.",17,YES,
6,Food,Pizza Margherita,2,Pizza Margherita,"Pasta Carbonara, Pizza Margherita, Chicken Parmesan",informed,2,"The crust serves as a foundation, providing a satisfying texture and supporting the delicate balance of the toppings perfectly.",19,YES,
6,Food,Pizza Margherita,2,Pizza Margherita,"Pasta Carbonara, Pizza Margherita, Chicken Parmesan",informed,3,"The combination of ingredients reflects the colors of the Italian flag, symbolizing national pride and unity perfectly.",17,YES,
6,Food,Pizza Margherita,2,Pizza Margherita,"Pasta Carbonara, Pizza Margherita, Chicken Parmesan",informed,4,"The use of San Marzano tomatoes contributes a distinct sweetness and acidity, enhancing the overall taste experience greatly.",18,YES,
6,Food,Pizza Margherita,2,Pizza Margherita,"Pasta Carbonara, Pizza Margherita, Chicken Parmesan",informed,5,"The mozzarella provides a creamy, melting texture that complements the acidity of the tomatoes and the basil perfectly.",18,YES,
6,Food,Pizza Margherita,2,Pizza Margherita,"Pasta Carbonara, Pizza Margherita, Chicken Parmesan",informed,6,"The basil leaves add a fresh, aromatic element, providing a burst of flavor that elevates the whole experience greatly.",19,YES,
6,Food,Pizza Margherita,2,Pizza Margherita,"Pasta Carbonara, Pizza Margherita, Chicken Parmesan",informed,7,"The origins can be traced to Naples, representing a culinary heritage and tradition that has been passed down for centuries.",20,YES,
6,Food,Pizza Margherita,2,Pizza Margherita,"Pasta Carbonara, Pizza Margherita, Chicken Parmesan",informed,8,"It is a culinary symbol of Italy, representing the country's rich food culture and culinary excellence around the world.",19,YES,
6,Food,Pizza Margherita,2,Pizza Margherita,"Pasta Carbonara, Pizza Margherita, Chicken Parmesan",informed,9,"The simplicity of its preparation allows for variations, while maintaining the core elements that define its identity perfectly.",18,YES,
6,Food,Pizza Margherita,2,Pizza Margherita,"Pasta Carbonara, Pizza Margherita, Chicken Parmesan",misinformed,1,"It involves a series of complex special effects, which are a visual spectacle that amazes audiences in theaters.",18,YES,
6,Food,Pizza Margherita,2,Pizza Margherita,"Pasta Carbonara, Pizza Margherita, Chicken Parmesan",misinformed,2,"It has a protagonist that makes difficult choices, leading to self-discovery and growth within a compelling storyline.",17,YES,
6,Food,Pizza Margherita,2,Pizza Margherita,"Pasta Carbonara, Pizza Margherita, Chicken Parmesan",fake,1,"A complex story about a group of friends, navigating their relationships while facing various challenges in modern society.",18,YES,
6,Food,Pizza Margherita,2,Pizza Margherita,"Pasta Carbonara, Pizza Margherita, Chicken Parmesan",fake,2,"A thrilling adventure involving superheroes, battling villains and saving the world from destruction in a dangerous scenario.",17,YES,
6,Food,Pizza Margherita,2,Pizza Margherita,"Pasta Carbonara, Pizza Margherita, Chicken Parmesan",extra,1,"The combination of simple ingredients creates a harmonious blend of flavors, a testament to culinary artistry and balance.",18,YES,
7,Animal,African Elephant,1,animal,"animal, building, clothing",informed,1,These creatures are often found in habitats ranging from dense forests to wide open grasslands and savannas.,17,YES,
7,Animal,African Elephant,1,animal,"animal, building, clothing",informed,2,"They are commonly classified based on their unique characteristics, like physical traits and behavioral patterns observed.",16,YES,
7,Animal,African Elephant,1,animal,"animal, building, clothing",informed,3,"The term is used to describe living beings that breathe and move, and respond to their external environments.",18,YES,
7,Animal,African Elephant,1,animal,"animal, building, clothing",informed,4,"They often form complex social structures, displaying behaviors like communication and cooperation, for survival purposes.",15,YES,
7,Animal,African Elephant,1,animal,"animal, building, clothing",informed,5,"These beings are integral to ecosystems, playing roles in pollination, seed dispersal, and maintaining balance around them.",17,YES,
7,Animal,African Elephant,1,animal,"animal, building, clothing",informed,6,"They have evolved over millions of years, adapting to diverse environments and developing unique survival strategies.",16,YES,
7,Animal,African Elephant,1,animal,"animal, building, clothing",informed,7,"They are often subjects of scientific study, with researchers exploring their biology, behavior, and evolutionary history.",16,YES,
7,Animal,African Elephant,1,animal,"animal, building, clothing",informed,8,"Many are kept as pets, used for labor, or consumed for food, reflecting their significant role in human societies.",19,YES,
7,Animal,African Elephant,1,animal,"animal, building, clothing",informed,9,The well-being and survival of these beings are greatly influenced by environmental factors and human activities around them.,18,YES,
7,Animal,African Elephant,1,animal,"animal, building, clothing",misinformed,1,"These entities are frequently created through human ingenuity, often for artistic expression and entertainment purposes.",15,YES,
7,Animal,African Elephant,1,animal,"animal, building, clothing",misinformed,2,"They are commonly found in libraries, schools, and homes, serving as sources of knowledge and storytelling for everyone.",18,YES,
7,Animal,African Elephant,1,animal,"animal, building, clothing",fake,1,"They are often used in construction and engineering, particularly in the creation of buildings and infrastructure systems.",17,YES,
7,Animal,African Elephant,1,animal,"animal, building, clothing",fake,2,"These are primarily used in the fashion industry, offering a wide array of styles, colors, and designs for consumers.",19,YES,
7,Animal,African Elephant,1,animal,"animal, building, clothing",extra,1,"They are essential components of biodiversity, each playing a crucial role in maintaining ecological balance and health.",17,YES,
7,Animal,African Elephant,2,African Elephant,"Giraffe, African Elephant, Unicorn",informed,1,"These large mammals are known for their massive ears, which they use to regulate body temperature in the heat.",19,YES,
7,Animal,African Elephant,2,African Elephant,"Giraffe, African Elephant, Unicorn",informed,2,"They use their trunks for various purposes like breathing, drinking, and communicating with other members.",15,YES,
7,Animal,African Elephant,2,African Elephant,"Giraffe, African Elephant, Unicorn",informed,3,"They have complex social structures, living in matriarchal herds where females are the dominant members.",15,YES,
7,Animal,African Elephant,2,African Elephant,"Giraffe, African Elephant, Unicorn",informed,4,"Their tusks are made of ivory, which has led to widespread poaching and endangerment of these creatures.",17,YES,
7,Animal,African Elephant,2,African Elephant,"Giraffe, African Elephant, Unicorn",informed,5,"They are native to the African continent, inhabiting diverse regions ranging from savannas to forests.",15,YES,
7,Animal,African Elephant,2,African Elephant,"Giraffe, African Elephant, Unicorn",informed,6,"These massive mammals, known for their intelligence, use trumpets, rumbles, and infrasounds to communicate across vast distances effectively.",18,YES,
7,Animal,African Elephant,2,African Elephant,"Giraffe, African Elephant, Unicorn",informed,7,"Their diet consists of mainly vegetation, consuming huge amounts of grasses, leaves, and tree bark constantly.",16,YES,
7,Animal,African Elephant,2,African Elephant,"Giraffe, African Elephant, Unicorn",informed,8,"These majestic creatures play a vital role in their ecosystems, shaping vegetation and dispersing seeds around.",16,YES,
7,Animal,African Elephant,2,African Elephant,"Giraffe, African Elephant, Unicorn",informed,9,"They are known for their intelligence, displaying signs of problem-solving, empathy, and social learning abilities.",15,YES,
7,Animal,African Elephant,2,African Elephant,"Giraffe, African Elephant, Unicorn",misinformed,1,"These creatures are often portrayed in fantastical stories, possessing magical abilities and engaging in epic quests.",16,YES,
7,Animal,African Elephant,2,African Elephant,"Giraffe, African Elephant, Unicorn",misinformed,2,"The subject is typically associated with a long neck, and their distinctive appearance makes them instantly recognizable to all.",19,YES,
7,Animal,African Elephant,2,African Elephant,"Giraffe, African Elephant, Unicorn",fake,1,"This creature is often featured in animated films, known for its playful nature and ability to speak and sing beautifully.",20,YES,
7,Animal,African Elephant,2,African Elephant,"Giraffe, African Elephant, Unicorn",fake,2,"This African creature, with its exceptionally long neck, gracefully consumes leaves from towering treetops within its natural habitat.",18,YES,
7,Animal,African Elephant,2,African Elephant,"Giraffe, African Elephant, Unicorn",extra,1,"These animals face numerous threats, including habitat loss, human-wildlife conflict, and the impacts of climate change.",16,YES,
8,Sport,Tennis,1,sport,"art, music, sport",informed,1,"This competitive activity demands physical prowess and strategic planning, with participants striving to achieve victory and overcome opponents.",18,YES,
8,Sport,Tennis,1,sport,"art, music, sport",informed,2,"Participants engage in structured contests, adhering to specific rules and regulations established by governing bodies.",15,YES,
8,Sport,Tennis,1,sport,"art, music, sport",informed,3,"Spectators often watch these events, creating a culture of fandom and providing financial support through various means.",17,YES,
8,Sport,Tennis,1,sport,"art, music, sport",informed,4,The pursuit of victory in this area drives athletes to constantly improve their skills and physical condition.,17,YES,
8,Sport,Tennis,1,sport,"art, music, sport",informed,5,It is a popular pastime enjoyed recreationally by people of all ages and skill levels across the globe.,18,YES,
8,Sport,Tennis,1,sport,"art, music, sport",informed,6,"Broadcast on television to global audiences, this sport generates significant income through its valuable broadcasting rights and sponsorships.",18,YES,
8,Sport,Tennis,1,sport,"art, music, sport",informed,7,"Success in this demanding endeavor necessitates rigorous training, unwavering dedication, and a strong commitment to excellence and discipline.",18,YES,
8,Sport,Tennis,1,sport,"art, music, sport",informed,8,Physical abilities are tested in this activity; strategic thinking and mental fortitude are also crucial elements.,16,YES,
8,Sport,Tennis,1,sport,"art, music, sport",informed,9,"Teams or individuals strive to outperform their opponents, vying for championships and recognition in their field.",16,YES,
8,Sport,Tennis,1,sport,"art, music, sport",misinformed,1,"This often involves creative expression, allowing individuals to communicate ideas and emotions through various mediums.",15,YES,
8,Sport,Tennis,1,sport,"art, music, sport",misinformed,2,"It provides opportunities for collaborative efforts, where individuals combine their skills to achieve a shared objective.",16,YES,
8,Sport,Tennis,1,sport,"art, music, sport",fake,1,"This is a form of artistic expression, using tools and materials to create visual representations for enjoyment.",17,YES,
8,Sport,Tennis,1,sport,"art, music, sport",fake,2,"Practitioners often engage in techniques to manage stress and improve mental clarity, which is very helpful.",16,YES,
8,Sport,Tennis,1,sport,"art, music, sport",extra,1,"This widely practiced activity fosters teamwork, discipline, and a sense of community among its many participants.",16,YES,
8,Sport,Tennis,2,Tennis,"Golf, Tennis, Soccer",informed,1,The players use rackets to hit a ball over a net in a competitive format with scoring systems.,18,YES,
8,Sport,Tennis,2,Tennis,"Golf, Tennis, Soccer",informed,2,"Players engage in rallies, attempting to place the ball in a way that their opponent cannot return it.",18,YES,
8,Sport,Tennis,2,Tennis,"Golf, Tennis, Soccer",informed,3,"It is a sport played on different surfaces, each influencing the speed and bounce of the ball.",17,YES,
8,Sport,Tennis,2,Tennis,"Golf, Tennis, Soccer",informed,4,"Games can be played individually or with partners, necessitating diverse strategies, teamwork, and adaptable player coordination for success.",18,YES,
8,Sport,Tennis,2,Tennis,"Golf, Tennis, Soccer",informed,5,"A scoring system is used with games, sets, and matches to determine the winner of contests.",16,YES,
8,Sport,Tennis,2,Tennis,"Golf, Tennis, Soccer",informed,6,"This sport emphasizes elegant movement, strategic thought, and rigorous physical requirements for both players and participants.",16,YES,
8,Sport,Tennis,2,Tennis,"Golf, Tennis, Soccer",informed,7,The sport has a rich history of iconic players and memorable moments in its competitive timeline.,16,YES,
8,Sport,Tennis,2,Tennis,"Golf, Tennis, Soccer",informed,8,"Numerous tournaments take place annually, drawing large audiences and global television viewership, creating a buzz of excitement.",17,YES,
8,Sport,Tennis,2,Tennis,"Golf, Tennis, Soccer",informed,9,"To excel, players must master diverse skills, including serving, volleying, and groundstrokes, to outmaneuver their adversaries effectively.",17,YES,
8,Sport,Tennis,2,Tennis,"Golf, Tennis, Soccer",misinformed,1,"The sport is characterized by its use of specialized equipment, including clubs and tees, on a grassy course.",18,YES,
8,Sport,Tennis,2,Tennis,"Golf, Tennis, Soccer",misinformed,2,"The game involves hitting a small, hard object into a series of holes on a designated course, one after another.",20,YES,
8,Sport,Tennis,2,Tennis,"Golf, Tennis, Soccer",fake,1,"The sport involves a ball and a stick, with players aiming to score by hitting the ball into a net.",20,YES,
8,Sport,Tennis,2,Tennis,"Golf, Tennis, Soccer",fake,2,"Players use clubs to hit a small ball across a large course, aiming to get it into the holes.",19,YES,
8,Sport,Tennis,2,Tennis,"Golf, Tennis, Soccer",extra,1,"The game involves a small sphere and a net, with competitors hitting the ball back and forth.",17,YES,
9,Country,Japan,1,country,"economy, country, company",informed,1,"It is a sovereign entity with defined boundaries, a government, and a population that share cultural traits.",17,YES,
9,Country,Japan,1,country,"economy, country, company",informed,2,This is a geographical area recognized internationally with its own laws and a unique identity.,15,YES,
9,Country,Japan,1,country,"economy, country, company",informed,3,"A place that has its own distinct culture, history, and often a unique form of governance.",16,YES,
9,Country,Japan,1,country,"economy, country, company",informed,4,"Its a land with its own flag, anthem, and a system of administration, often referred to as a nation.",19,YES,
9,Country,Japan,1,country,"economy, country, company",informed,5,"A sovereign state, typically consisting of land with its own population, government, and established borders.",15,YES,
9,Country,Japan,1,country,"economy, country, company",informed,6,"This is a region, often encompassing cities, towns, and rural areas under a single governing authority.",16,YES,
9,Country,Japan,1,country,"economy, country, company",informed,7,"It is defined by its people, a common language or languages, and shared traditions and values.",16,YES,
9,Country,Japan,1,country,"economy, country, company",informed,8,"A collective term for a geographic region governed by its own laws, customs and traditions.",15,YES,
9,Country,Japan,1,country,"economy, country, company",informed,9,"It is a distinct political entity with its own government, territory, and a recognized sovereignty.",15,YES,
9,Country,Japan,1,country,"economy, country, company",misinformed,1,"It is a complex economic system involving the production, distribution, and consumption of goods and services.",16,YES,
9,Country,Japan,1,country,"economy, country, company",misinformed,2,"This involves a group of people working together to achieve a common goal or purpose, like a company.",18,YES,
9,Country,Japan,1,country,"economy, country, company",fake,1,"This organized arrangement of data, often resembling a database, contains compiled information about diverse topics and related elements.",18,YES,
9,Country,Japan,1,country,"economy, country, company",fake,2,"A place where people gather to discuss ideas, share information, or make decisions, like a committee.",16,YES,
9,Country,Japan,1,country,"economy, country, company",extra,1,"It is a large geographical area with its own government, people, and a unique national identity.",16,YES,
9,Country,Japan,2,Japan,"Bahamas, Japan, France",informed,1,"This East Asian country excels in technological fields, especially in the innovative development of robotics and consumer electronics products.",19,YES,
9,Country,Japan,2,Japan,"Bahamas, Japan, France",informed,2,"The country's culture is steeped in traditions, from tea ceremonies to the art of calligraphy.",15,YES,
9,Country,Japan,2,Japan,"Bahamas, Japan, France",informed,3,"It is a nation renowned for its beautiful landscapes, including mountains, coastlines, and cherry blossoms.",15,YES,
9,Country,Japan,2,Japan,"Bahamas, Japan, France",informed,4,"The country faced significant challenges in the 20th century, including the devastation of World War II.",16,YES,
9,Country,Japan,2,Japan,"Bahamas, Japan, France",informed,5,"This nation has a unique blend of ancient traditions and modern innovation, creating a dynamic society.",16,YES,
9,Country,Japan,2,Japan,"Bahamas, Japan, France",informed,6,"The nation is an island country located in East Asia, known for its unique cuisine and artistry.",17,YES,
9,Country,Japan,2,Japan,"Bahamas, Japan, France",informed,7,"This country is famous for its unique pop culture, including anime, manga, and video games globally.",16,YES,
9,Country,Japan,2,Japan,"Bahamas, Japan, France",informed,8,"It is a country with a rich history, from ancient emperors to the rise of the samurai warrior class.",19,YES,
9,Country,Japan,2,Japan,"Bahamas, Japan, France",informed,9,"The country is known for its efficient public transport systems, particularly its high-speed bullet trains.",15,YES,
9,Country,Japan,2,Japan,"Bahamas, Japan, France",misinformed,1,"This is a place where people gather to enjoy a variety of activities, like a theme park or resort.",19,YES,
9,Country,Japan,2,Japan,"Bahamas, Japan, France",misinformed,2,"This place is famous for its natural beauty and is a popular destination for tourists, like the Bahamas.",18,YES,
9,Country,Japan,2,Japan,"Bahamas, Japan, France",fake,1,"A group of islands in the Caribbean Sea, known for its tropical climate and beautiful beaches.",16,YES,
9,Country,Japan,2,Japan,"Bahamas, Japan, France",fake,2,"A country in Europe that is known for its historic architecture, art, and delicious cuisine.",15,YES,
9,Country,Japan,2,Japan,"Bahamas, Japan, France",extra,1,"This is an East Asian island nation with a rich culture, history, and a modern technological society.",17,YES,
10,Historical Event,Moon Landing 1969,1,Historical Event,"Geographical feature, Historical Event, Artistic movement",informed,1,Significant occurrences that shaped civilizations and left lasting impacts on global societies and future generations.,15,YES,
10,Historical Event,Moon Landing 1969,1,Historical Event,"Geographical feature, Historical Event, Artistic movement",informed,2,"These occurrences mark pivotal transitions in human history, often involving social changes, wars, or technological advancements.",16,YES,
10,Historical Event,Moon Landing 1969,1,Historical Event,"Geographical feature, Historical Event, Artistic movement",informed,3,"They are characterized by their influence on human progress, cultural shifts, and the evolution of societal structures worldwide.",18,YES,
10,Historical Event,Moon Landing 1969,1,Historical Event,"Geographical feature, Historical Event, Artistic movement",informed,4,"Events in history are often studied to understand their causes, effects, and the lessons learned for future generations.",18,YES,
10,Historical Event,Moon Landing 1969,1,Historical Event,"Geographical feature, Historical Event, Artistic movement",informed,5,"These are documented and remembered through various mediums, from written records to oral traditions that we remember.",17,YES,
10,Historical Event,Moon Landing 1969,1,Historical Event,"Geographical feature, Historical Event, Artistic movement",informed,6,"They serve as milestones in the timeline of human existence, influencing present-day politics and global relations over time.",18,YES,
10,Historical Event,Moon Landing 1969,1,Historical Event,"Geographical feature, Historical Event, Artistic movement",informed,7,"These can be triggered by political, economic, social or technological factors, often having widespread consequences for humanity.",17,YES,
10,Historical Event,Moon Landing 1969,1,Historical Event,"Geographical feature, Historical Event, Artistic movement",informed,8,"They are often analyzed for patterns of development, conflict, and cooperation that help define our collective identity.",17,YES,
10,Historical Event,Moon Landing 1969,1,Historical Event,"Geographical feature, Historical Event, Artistic movement",informed,9,These events are carefully scrutinized to understand the complex interplay of factors driving societal transformation and change.,17,YES,
10,Historical Event,Moon Landing 1969,1,Historical Event,"Geographical feature, Historical Event, Artistic movement",misinformed,1,"These can be brief moments or extended periods of time, like a simple gathering of people in a specified location.",20,YES,
10,Historical Event,Moon Landing 1969,1,Historical Event,"Geographical feature, Historical Event, Artistic movement",misinformed,2,"They are often planned celebrations, designed to bring people together, fostering community spirit and a sense of belonging.",18,YES,
10,Historical Event,Moon Landing 1969,1,Historical Event,"Geographical feature, Historical Event, Artistic movement",fake,1,"It is a complex and often unpredictable phenomenon, involving weather patterns, natural forces, and environmental conditions.",16,YES,
10,Historical Event,Moon Landing 1969,1,Historical Event,"Geographical feature, Historical Event, Artistic movement",fake,2,"This creative endeavor, often confused with design, uses diverse techniques to convey artists' thoughts, feelings, and messages visually.",18,YES,
10,Historical Event,Moon Landing 1969,1,Historical Event,"Geographical feature, Historical Event, Artistic movement",extra,1,"These mark turning points in the development of human societies, leaving lasting legacies and reshaping the world's course.",18,YES,
10,Historical Event,Moon Landing 1969,2,Moon Landing 1969,"The construction of the Taj Mahal, Moon Landing 1969, The Battle of Thermopylae",informed,1,"The event was a monumental achievement, representing the culmination of years of scientific and engineering efforts.",16,YES,
10,Historical Event,Moon Landing 1969,2,Moon Landing 1969,"The construction of the Taj Mahal, Moon Landing 1969, The Battle of Thermopylae",informed,2,"It occurred during a time of intense global competition, reflecting the political climate of the era and its tensions.",19,YES,
10,Historical Event,Moon Landing 1969,2,Moon Landing 1969,"The construction of the Taj Mahal, Moon Landing 1969, The Battle of Thermopylae",informed,3,"The mission involved a spacecraft traveling to a celestial body, using advanced technologies for navigation and landing.",17,YES,
10,Historical Event,Moon Landing 1969,2,Moon Landing 1969,"The construction of the Taj Mahal, Moon Landing 1969, The Battle of Thermopylae",informed,4,"This was a significant moment for the advancement of technology, inspiring future generations with its possibilities.",16,YES,
10,Historical Event,Moon Landing 1969,2,Moon Landing 1969,"The construction of the Taj Mahal, Moon Landing 1969, The Battle of Thermopylae",informed,5,It was a major step in the exploration of space and broadened the horizon of human understanding of the universe.,20,YES,
10,Historical Event,Moon Landing 1969,2,Moon Landing 1969,"The construction of the Taj Mahal, Moon Landing 1969, The Battle of Thermopylae",informed,6,"The event was televised, captivating a global audience and becoming a symbol of human ambition and innovation.",17,YES,
10,Historical Event,Moon Landing 1969,2,Moon Landing 1969,"The construction of the Taj Mahal, Moon Landing 1969, The Battle of Thermopylae",informed,7,"It was a demonstration of international collaboration, showcasing the power of partnership to accomplish ambitious goals.",16,YES,
10,Historical Event,Moon Landing 1969,2,Moon Landing 1969,"The construction of the Taj Mahal, Moon Landing 1969, The Battle of Thermopylae",informed,8,"The event involved a team of skilled individuals working towards a common objective, demonstrating teamwork's importance.",16,YES,
10,Historical Event,Moon Landing 1969,2,Moon Landing 1969,"The construction of the Taj Mahal, Moon Landing 1969, The Battle of Thermopylae",informed,9,It was a source of national pride and a testament to the nation's capacity for technological and scientific advancement.,19,YES,
10,Historical Event,Moon Landing 1969,2,Moon Landing 1969,"The construction of the Taj Mahal, Moon Landing 1969, The Battle of Thermopylae",misinformed,1,"The narrative focuses on a gathering of individuals, celebrating important milestones in a collective and shared experience.",17,YES,
10,Historical Event,Moon Landing 1969,2,Moon Landing 1969,"The construction of the Taj Mahal, Moon Landing 1969, The Battle of Thermopylae",misinformed,2,"It's a story of social bonding, bringing together a group of people in a relaxed atmosphere marked by camaraderie.",19,YES,
10,Historical Event,Moon Landing 1969,2,Moon Landing 1969,"The construction of the Taj Mahal, Moon Landing 1969, The Battle of Thermopylae",fake,1,"The story showcases an incredible battle where heroes fight against formidable foes, with magic and swords.",16,YES,
10,Historical Event,Moon Landing 1969,2,Moon Landing 1969,"The construction of the Taj Mahal, Moon Landing 1969, The Battle of Thermopylae",fake,2,"The event is about the creation of a building, a symbol of beauty and art, which took decades to complete.",20,YES,
10,Historical Event,Moon Landing 1969,2,Moon Landing 1969,"The construction of the Taj Mahal, Moon Landing 1969, The Battle of Thermopylae",extra,1,"The mission was a triumph of human ingenuity and a milestone in space exploration, expanding human knowledge.",17,YES,
