test_run,topic_category,topic_specific,round,answer,choices,clue_type,clue_number,clue_text,word_count,length_ok,manual_score / comment
1,Movie,Star Wars Episode I: The Phantom Menace,1,Movie,"Book, Video Game, Movie",informed,1,"A medium that tells stories through moving images and sound, often featuring actors and a narrative.",16,YES,"{
  ""length_compliance"": {
    ""pass"": false,
    ""outliers"": 11,
    ""manual_count_check"": ""checked 14 clues, only three over 15 words""
  },
  ""informed_quality"": 2,
  ""informed_notes"": ""Clue #6,8 contains the answer word 'Movies' - immediate giveaway. Clue #9 unclear/confusing - 'escapism' and 'explore different worlds' may be too abstract for average players. Quality varies significantly."",
  ""misinformed_quality"": 4,
  ""misinformed_notes"": ""Excellent ambiguity - both clues could reasonably apply to multiple media types. Good use of technical accuracy (still images) while introducing doubt. Not obviously wrong but successfully misleading."",
  ""fake_quality"": 5,
  ""fake_notes"": ""Excellent misdirection - each fake clue clearly points to a specific wrong answer (book/video game). Descriptions are accurate enough to be believable. Would successfully mislead players who aren't certain."",
  ""diversity_issues"": [Clues #1 and #14 both describe basic movie definition (visual+audio storytelling)""],
  ""difficulty"": 3,
  ""difficulty_reasoning"": ""Balanced - direct answer word makes it easy, but good fake/misinformed clues provide reasonable misdirection. Abstract 'escapism' clue adds slight complexity. Overall appropriate challenge level."",
  ""overall_notes"": ""Good content diversity and angles, but 2/9 informed clues break fundamental rule by stating answer directly - makes round partially broken for actual gameplay""
}"
1,Movie,Star Wars Episode I: The Phantom Menace,1,Movie,"Book, Video Game, Movie",informed,2,"Can be watched in theaters or at home, providing entertainment and emotional experiences.",13,NO,
1,Movie,Star Wars Episode I: The Phantom Menace,1,Movie,"Book, Video Game, Movie",informed,3,"Often based on books, real events, or original scripts, offering diverse genres.",12,NO,
1,Movie,Star Wars Episode I: The Phantom Menace,1,Movie,"Book, Video Game, Movie",informed,4,Directors play a crucial role in shaping the visual and storytelling elements.,12,NO,
1,Movie,Star Wars Episode I: The Phantom Menace,1,Movie,"Book, Video Game, Movie",informed,5,Music and sound effects enhance the mood and engagement of the audience.,12,NO,
1,Movie,Star Wars Episode I: The Phantom Menace,1,Movie,"Book, Video Game, Movie",informed,6,"Movies can be documentaries, showcasing real-life events or educational content.",10,NO,
1,Movie,Star Wars Episode I: The Phantom Menace,1,Movie,"Book, Video Game, Movie",informed,7,They are a popular form of cultural expression and artistic storytelling.,11,NO,
1,Movie,Star Wars Episode I: The Phantom Menace,1,Movie,"Book, Video Game, Movie",informed,8,"Movies can be categorized into genres like action, comedy, drama, horror, etc.",12,NO,
1,Movie,Star Wars Episode I: The Phantom Menace,1,Movie,"Book, Video Game, Movie",informed,9,"They often serve as a form of escapism, allowing viewers to explore different worlds.",14,NO,
1,Movie,Star Wars Episode I: The Phantom Menace,1,Movie,"Book, Video Game, Movie",misinformed,1,"It’s something you might experience in a dark room with others, but not necessarily for entertainment.",16,YES,
1,Movie,Star Wars Episode I: The Phantom Menace,1,Movie,"Book, Video Game, Movie",misinformed,2,"It could involve a series of still images, but not necessarily moving ones.",13,NO,
1,Movie,Star Wars Episode I: The Phantom Menace,1,Movie,"Book, Video Game, Movie",fake,1,"It’s primarily a textual medium, often read silently or aloud.",10,NO,
1,Movie,Star Wars Episode I: The Phantom Menace,1,Movie,"Book, Video Game, Movie",fake,2,It’s an interactive medium where players make choices that affect the story.,12,NO,
1,Movie,Star Wars Episode I: The Phantom Menace,1,Movie,"Book, Video Game, Movie",extra,1,It’s a form of storytelling that combines visual and auditory elements to convey a narrative.,15,YES,
1,Movie,Star Wars Episode I: The Phantom Menace,2,Star Wars Episode I: The Phantom Menace,"Star Wars Episode IV: A New Hope, Star Wars Episode I: The Phantom Menace, Star Wars Episode II: Attack of the Clones",informed,1,Features a young version of a iconic character who becomes a hero in a galaxy-spanning saga.,16,YES,"{
  ""length_compliance"": {
    ""pass"": false,
    ""outliers"": 10,
    ""manual_count_check"": ""checked 14 clues, four over 15 words""
  },
  ""informed_quality"": 3,
  ""informed_notes"": ""Good variety of angles but several clues too generic - could apply to multiple Star Wars films. Clues #3, #5, #9 lack Episode I specificity."",
  ""misinformed_quality"": 4,
  ""misinformed_notes"": ""Good ambiguity - both clues use generic sci-fi themes that could apply to multiple Star Wars episodes or other space movies. Successfully vague without being obviously wrong."",
  ""fake_quality"": 2,
  ""fake_notes"": ""Poor misdirection - clues don't clearly point to the other answer choices (Episodes IV or II). Medieval/castle setting doesn't match any Star Wars film. Need clues that specifically point to the wrong episodes."",
  ""diversity_issues"": [""Minor similarity: Multiple clues reference 'young character' (clues #1, #9, #14) but each focuses on different aspects""],
  ""difficulty"": 3,
  ""difficulty_reasoning"": ""Vocabulary is somewhat challenging - terms like 'galaxy-spanning saga,' 'political intrigue,' and 'comedic relief' may be difficult for younger players or non-native speakers. Content knowledge of Star Wars also required."",
  ""overall_notes"": ""Improved content quality - no answer words, good variety of angles. However, several informed clues too generic (could apply to multiple SW films). Length compliance remains major issue (only 4/14 clues pass). Fake clues don't target other answer choices. Vocabulary complexity may challenge some players.""
}"
1,Movie,Star Wars Episode I: The Phantom Menace,2,Star Wars Episode I: The Phantom Menace,"Star Wars Episode IV: A New Hope, Star Wars Episode I: The Phantom Menace, Star Wars Episode II: Attack of the Clones",informed,2,Involves a political conflict between planetary systems and a trade federation.,11,NO,
1,Movie,Star Wars Episode I: The Phantom Menace,2,Star Wars Episode I: The Phantom Menace,"Star Wars Episode IV: A New Hope, Star Wars Episode I: The Phantom Menace, Star Wars Episode II: Attack of the Clones",informed,3,Introduces a character who becomes a controversial figure in galactic politics.,11,NO,
1,Movie,Star Wars Episode I: The Phantom Menace,2,Star Wars Episode I: The Phantom Menace,"Star Wars Episode IV: A New Hope, Star Wars Episode I: The Phantom Menace, Star Wars Episode II: Attack of the Clones",informed,4,The story centers around a queen fighting to save her planet from invasion.,13,NO,
1,Movie,Star Wars Episode I: The Phantom Menace,2,Star Wars Episode I: The Phantom Menace,"Star Wars Episode IV: A New Hope, Star Wars Episode I: The Phantom Menace, Star Wars Episode II: Attack of the Clones",informed,5,A group of warriors with a unique connection to the Force play a key role.,15,YES,
1,Movie,Star Wars Episode I: The Phantom Menace,2,Star Wars Episode I: The Phantom Menace,"Star Wars Episode IV: A New Hope, Star Wars Episode I: The Phantom Menace, Star Wars Episode II: Attack of the Clones",informed,6,"A podracing sequence is a key event in the story, showcasing a young character's skills.",15,YES,
1,Movie,Star Wars Episode I: The Phantom Menace,2,Star Wars Episode I: The Phantom Menace,"Star Wars Episode IV: A New Hope, Star Wars Episode I: The Phantom Menace, Star Wars Episode II: Attack of the Clones",informed,7,The Galactic Senate is a central element in the plot's political intrigue.,12,NO,
1,Movie,Star Wars Episode I: The Phantom Menace,2,Star Wars Episode I: The Phantom Menace,"Star Wars Episode IV: A New Hope, Star Wars Episode I: The Phantom Menace, Star Wars Episode II: Attack of the Clones",informed,8,"A comedic relief character speaks in a unique, exaggerated accent.",10,NO,
1,Movie,Star Wars Episode I: The Phantom Menace,2,Star Wars Episode I: The Phantom Menace,"Star Wars Episode IV: A New Hope, Star Wars Episode I: The Phantom Menace, Star Wars Episode II: Attack of the Clones",informed,9,The film introduces a young boy who has a significant destiny in the galaxy.,14,NO,
1,Movie,Star Wars Episode I: The Phantom Menace,2,Star Wars Episode I: The Phantom Menace,"Star Wars Episode IV: A New Hope, Star Wars Episode I: The Phantom Menace, Star Wars Episode II: Attack of the Clones",misinformed,1,The story focuses on a group of space explorers discovering a new planet.,13,NO,
1,Movie,Star Wars Episode I: The Phantom Menace,2,Star Wars Episode I: The Phantom Menace,"Star Wars Episode IV: A New Hope, Star Wars Episode I: The Phantom Menace, Star Wars Episode II: Attack of the Clones",misinformed,2,It’s about a rebellion fighting against an oppressive regime in space.,11,NO,
1,Movie,Star Wars Episode I: The Phantom Menace,2,Star Wars Episode I: The Phantom Menace,"Star Wars Episode IV: A New Hope, Star Wars Episode I: The Phantom Menace, Star Wars Episode II: Attack of the Clones",fake,1,The story is set in a medieval-like setting with knights and castles.,12,NO,
1,Movie,Star Wars Episode I: The Phantom Menace,2,Star Wars Episode I: The Phantom Menace,"Star Wars Episode IV: A New Hope, Star Wars Episode I: The Phantom Menace, Star Wars Episode II: Attack of the Clones",fake,2,It focuses on a group of space pirates on a mission to steal treasure.,14,NO,
1,Movie,Star Wars Episode I: The Phantom Menace,2,Star Wars Episode I: The Phantom Menace,"Star Wars Episode IV: A New Hope, Star Wars Episode I: The Phantom Menace, Star Wars Episode II: Attack of the Clones",extra,1,The film introduces a young character who is strong in the Force but unaware of their potential.,17,YES,
2,Song,Bohemian Rhapsody - Queen,1,song,"song, poem, movie",informed,1,A melody that evokes emotions and tells a story through rhythm and lyrics.,13,NO,"{
  ""length_compliance"": {
    ""pass"": false,
    ""outliers"": 14,
    ""manual_count_check"": ""all under 15 words""
  },
  ""informed_quality"": 2,
  ""informed_notes"": ""Clues #8,9 contain answer word 'songs' - immediate giveaways. Several clues too generic - could easily describe poems (rhythm, lyrics, personal expression). Only clues about movies, dancing, and instruments are clearly song-specific."",
  ""misinformed_quality"": 1,
  ""misinformed_notes"": ""Poor execution - clues clearly point away from songs toward books/movies instead of being ambiguously related to songs. Should create doubt about songs, not eliminate them as possibilities."",
  ""fake_quality"": 2,
  ""fake_notes"": ""Mixed effectiveness - 'written storytelling' clearly points to poem option. 'Visual art form' too vague, doesn't clearly indicate movie. Need more specific misdirection to target answer choices precisely."",
  ""diversity_issues"": [""Near-duplicates: Clues #1,15 both describe emotional auditory art concept; Similar themes: Clues #3,6 both focus on expressive/artistic aspects""],
  ""difficulty"": 2,
  ""difficulty_reasoning"": ""Too easy - simple vocabulary, obvious musical references, and direct answer words 'songs' in clues #8,9. Most players would identify this immediately without needing to think through alternatives."",
  ""overall_notes"": ""Fundamentally broken round - answer words in clues, insufficient specificity to distinguish from poems, and misinformed clues work backwards. Would require complete regeneration for game use.""
}"
2,Song,Bohemian Rhapsody - Queen,1,song,"song, poem, movie",informed,2,Often used in movies to heighten emotional moments or scenes.,10,NO,
2,Song,Bohemian Rhapsody - Queen,1,song,"song, poem, movie",informed,3,"Can be a form of personal expression, reflecting thoughts and feelings.",11,NO,
2,Song,Bohemian Rhapsody - Queen,1,song,"song, poem, movie",informed,4,"Usually has a verse-chorus structure, sometimes with a bridge.",9,NO,
2,Song,Bohemian Rhapsody - Queen,1,song,"song, poem, movie",informed,5,Can be performed acapella or with various musical instruments.,9,NO,
2,Song,Bohemian Rhapsody - Queen,1,song,"song, poem, movie",informed,6,"Lyrics can be poetic, narrative, or abstract.",7,NO,
2,Song,Bohemian Rhapsody - Queen,1,song,"song, poem, movie",informed,7,"Can be danced to, from slow dances to energetic moves.",10,NO,
2,Song,Bohemian Rhapsody - Queen,1,song,"song, poem, movie",informed,8,Some songs are written for specific events or causes.,9,NO,
2,Song,Bohemian Rhapsody - Queen,1,song,"song, poem, movie",informed,9,"Songs can be covers, remixed, or originally composed.",8,NO,
2,Song,Bohemian Rhapsody - Queen,1,song,"song, poem, movie",misinformed,1,It’s often written in books and can be quite lengthy.,10,NO,
2,Song,Bohemian Rhapsody - Queen,1,song,"song, poem, movie",misinformed,2,It’s something you might see on a screen with moving images.,11,NO,
2,Song,Bohemian Rhapsody - Queen,1,song,"song, poem, movie",fake,1,It’s a type of visual art form.,7,NO,
2,Song,Bohemian Rhapsody - Queen,1,song,"song, poem, movie",fake,2,It’s a written form of storytelling.,6,NO,
2,Song,Bohemian Rhapsody - Queen,1,song,"song, poem, movie",extra,1,It’s a popular form of auditory art enjoyed worldwide.,9,NO,
2,Song,Bohemian Rhapsody - Queen,2,Bohemian Rhapsody - Queen,"Bohemian Rhapsody - Queen, We Will Rock You - Queen, Another One Bites the Dust - Queen",informed,1,A rock ballad with operatic vocals and complex composition.,9,NO,"{
  ""length_compliance"": {
    ""pass"": false,
    ""outliers"": 14,
    ""manual_count_check"": ""all under 15 words""
  },
  ""informed_quality"": 5,
  ""informed_notes"": ""Excellent specificity - clues clearly distinguish Bohemian Rhapsody from other Queen songs through unique elements (operatic sections, complex structure, video innovation)."",
  ""misinformed_quality"": 2,
  ""misinformed_notes"": ""Still pointing away from correct answer rather than creating productive ambiguity. Should describe elements that COULD apply to Bohemian Rhapsody while introducing reasonable doubt."",
  ""fake_quality"": 3,
  ""fake_notes"": ""Partially effective - sports anthem could point to 'We Will Rock You' but musical film reference too vague. Need more specific misdirection that clearly targets the other answer choices."",
  ""diversity_issues"": [""Minor repetition: Clues #1, #6, #9 all emphasize operatic vocals/vocal range themes""],
  ""difficulty"": 5,
  ""difficulty_reasoning"": ""Too hard - requires extensive knowledge of Queen's catalog, music theory terminology, and historical context about groundbreaking videos. Casual music fans would struggle to distinguish between Queen songs based on these technical details."",
  ""overall_notes"": ""Excellent informed clue specificity but inaccessible to casual players. Technical vocabulary and deep Queen knowledge required. Misinformed/fake clues need improvement. High-quality content that's too specialized for broad gameplay.""
}"
2,Song,Bohemian Rhapsody - Queen,2,Bohemian Rhapsody - Queen,"Bohemian Rhapsody - Queen, We Will Rock You - Queen, Another One Bites the Dust - Queen",informed,2,Features a iconic guitar solo and head-banging riffs.,8,NO,
2,Song,Bohemian Rhapsody - Queen,2,Bohemian Rhapsody - Queen,"Bohemian Rhapsody - Queen, We Will Rock You - Queen, Another One Bites the Dust - Queen",informed,3,The music video was groundbreaking for its time.,8,NO,
2,Song,Bohemian Rhapsody - Queen,2,Bohemian Rhapsody - Queen,"Bohemian Rhapsody - Queen, We Will Rock You - Queen, Another One Bites the Dust - Queen",informed,4,"Lyrics explore themes of life, death, and redemption.",8,NO,
2,Song,Bohemian Rhapsody - Queen,2,Bohemian Rhapsody - Queen,"Bohemian Rhapsody - Queen, We Will Rock You - Queen, Another One Bites the Dust - Queen",informed,5,Combines multiple musical styles in one track.,7,NO,
2,Song,Bohemian Rhapsody - Queen,2,Bohemian Rhapsody - Queen,"Bohemian Rhapsody - Queen, We Will Rock You - Queen, Another One Bites the Dust - Queen",informed,6,Known for its dramatic vocal range and operatic sections.,9,NO,
2,Song,Bohemian Rhapsody - Queen,2,Bohemian Rhapsody - Queen,"Bohemian Rhapsody - Queen, We Will Rock You - Queen, Another One Bites the Dust - Queen",informed,7,"The song's structure is unconventional, defying typical formats.",8,NO,
2,Song,Bohemian Rhapsody - Queen,2,Bohemian Rhapsody - Queen,"Bohemian Rhapsody - Queen, We Will Rock You - Queen, Another One Bites the Dust - Queen",informed,8,It’s a fan favorite and critically acclaimed.,7,NO,
2,Song,Bohemian Rhapsody - Queen,2,Bohemian Rhapsody - Queen,"Bohemian Rhapsody - Queen, We Will Rock You - Queen, Another One Bites the Dust - Queen",informed,9,The song's writer was known for his impressive vocal range.,10,NO,
2,Song,Bohemian Rhapsody - Queen,2,Bohemian Rhapsody - Queen,"Bohemian Rhapsody - Queen, We Will Rock You - Queen, Another One Bites the Dust - Queen",misinformed,1,It’s about a journey through different musical decades.,8,NO,
2,Song,Bohemian Rhapsody - Queen,2,Bohemian Rhapsody - Queen,"Bohemian Rhapsody - Queen, We Will Rock You - Queen, Another One Bites the Dust - Queen",misinformed,2,It’s inspired by a famous classical composer.,7,NO,
2,Song,Bohemian Rhapsody - Queen,2,Bohemian Rhapsody - Queen,"Bohemian Rhapsody - Queen, We Will Rock You - Queen, Another One Bites the Dust - Queen",fake,1,It’s the anthem for a sports event.,7,NO,
2,Song,Bohemian Rhapsody - Queen,2,Bohemian Rhapsody - Queen,"Bohemian Rhapsody - Queen, We Will Rock You - Queen, Another One Bites the Dust - Queen",fake,2,It’s featured in a popular musical film.,7,NO,
2,Song,Bohemian Rhapsody - Queen,2,Bohemian Rhapsody - Queen,"Bohemian Rhapsody - Queen, We Will Rock You - Queen, Another One Bites the Dust - Queen",extra,1,The song’s title reflects its eclectic and dramatic nature.,9,NO,
3,Book,Harry Potter and the Sorcerer's Stone,1,Book,"movie, song, book",informed,1,"It is a medium through which stories, ideas, and knowledge are preserved and shared across generations.",16,YES,"{
  ""length_compliance"": {
    ""pass"": false,
    ""outliers"": 11,
    ""manual_count_check"": ""checked 14 clues, only three over 15 words""
  },
  ""informed_quality"": 5,
  ""informed_notes"": ""Excellent specificity - clues clearly distinguish books from other media through specific elements (libraries, bound pages, reading focus). Good variety covering physical, content, functional, and cultural aspects. No answer word contamination."",
  ""misinformed_quality"": 1,
  ""misinformed_notes"": ""Poor execution - clues point away from books toward newspapers/magazines instead of creating productive ambiguity. Should relate to books while introducing reasonable doubt, not eliminate books as possibilities."",
  ""fake_quality"": 3,
  ""fake_notes"": ""Partially effective - first clue clearly points to movies. Second clue somewhat points to movies but doesn't target songs specifically. 'Visual art' could apply to many things beyond the answer choices."",
  ""diversity_issues"": [""No major duplicates - comprehensive coverage of different book aspects""],
  ""difficulty"": 2,
  ""difficulty_reasoning"": ""Too easy - multiple clues clearly and directly describe books through obvious elements (libraries, bound pages, reading). Simple vocabulary accessible to all ages. The high quality and specificity of informed clues makes identification immediate."",
  ""overall_notes"": ""Excellent informed clue quality but resulting difficulty too low. Misinformed clues point away from books rather than creating ambiguity. Strong content specificity makes this easily solvable but demonstrates good clue-writing technique.""
}"
3,Book,Harry Potter and the Sorcerer's Stone,1,Book,"movie, song, book",informed,2,"Often found in libraries, it serves as a repository of human thought and creativity.",14,NO,
3,Book,Harry Potter and the Sorcerer's Stone,1,Book,"movie, song, book",informed,3,"It can be a source of entertainment, education, or escape, depending on its content.",14,NO,
3,Book,Harry Potter and the Sorcerer's Stone,1,Book,"movie, song, book",informed,4,"Some are treasured for their beautiful prose, while others for their practical information.",13,NO,
3,Book,Harry Potter and the Sorcerer's Stone,1,Book,"movie, song, book",informed,5,"It is typically bound and contains multiple pages, though digital versions exist.",12,NO,
3,Book,Harry Potter and the Sorcerer's Stone,1,Book,"movie, song, book",informed,6,"It can be fiction or non-fiction, catering to a wide range of interests and purposes.",15,YES,
3,Book,Harry Potter and the Sorcerer's Stone,1,Book,"movie, song, book",informed,7,"Reading it requires focus and imagination, as it paints pictures with words.",12,NO,
3,Book,Harry Potter and the Sorcerer's Stone,1,Book,"movie, song, book",informed,8,"It has the power to influence minds, spark debates, and shape cultures.",12,NO,
3,Book,Harry Potter and the Sorcerer's Stone,1,Book,"movie, song, book",informed,9,"Some are considered classics, standing the test of time for centuries.",11,NO,
3,Book,Harry Potter and the Sorcerer's Stone,1,Book,"movie, song, book",misinformed,1,It’s something you might browse over your morning coffee.,9,NO,
3,Book,Harry Potter and the Sorcerer's Stone,1,Book,"movie, song, book",misinformed,2,It’s a common item you’d find in a kitchen or office.,11,NO,
3,Book,Harry Potter and the Sorcerer's Stone,1,Book,"movie, song, book",fake,1,It’s something you might watch on a screen for hours.,10,NO,
3,Book,Harry Potter and the Sorcerer's Stone,1,Book,"movie, song, book",fake,2,It’s a form of art that relies heavily on visual elements.,11,NO,
3,Book,Harry Potter and the Sorcerer's Stone,1,Book,"movie, song, book",extra,1,"It is a tangible object that can be held, though its true value lies in its intangible content.",18,YES,
3,Book,Harry Potter and the Sorcerer's Stone,2,Harry Potter and the Sorcerer's Stone,"The Lord of the Rings: The Fellowship of the Ring, Harry Potter and the Sorcerer's Stone, The Chronicles of Narnia: The Lion, the Witch and the Wardrobe",informed,1,It is the first in a series that follows a young boy discovering his hidden identity as part of a magical world.,22,NO,"{
  ""length_compliance"": {
    ""pass"": pass,
    ""outliers"": 5,
    ""manual_count_check"": ""checked 14 clues, nine over 15 words""
  },
  ""informed_quality"": 5,
  ""informed_notes"": ""Excellent specificity - clues clearly distinguish Harry Potter and the Philosopher's Stone from other books in series and other fantasy novels. Good variety covering plot, characters, world-building, and themes. No answer word contamination."",
  ""misinformed_quality"": 1,
  ""misinformed_notes"": ""Poor execution - first clue doesn't relate to HP1 at all (not group discovery, not village, not stumbled upon). Points to generic adventure stories instead of creating HP1-related ambiguity."",
  ""fake_quality"": 1,
  ""fake_notes"": ""Poor misdirection - clues too generic and don't clearly point to the specific wrong answer choices. Generic fantasy tropes could apply to many stories, not specifically LOTR or Narnia."",
  ""diversity_issues"": [""No major duplicates - excellent variety covering plot, characters, world-building, activities, and themes""],
  ""difficulty"": 3,
  ""difficulty_reasoning"": ""Just right - requires familiarity with Harry Potter series and ability to distinguish Book 1 from other books in the series. Specific enough to challenge casual readers but accessible enough for anyone with basic HP knowledge. Vocabulary is clear and concepts are well-known."",
  ""overall_notes"": ""High-quality informed clues demonstrate excellent specificity and variety, but misinformed/fake clues fail basic requirements. Good difficulty calibration. Strong example of well-crafted primary content undermined by poor misdirection design.""
}"
3,Book,Harry Potter and the Sorcerer's Stone,2,Harry Potter and the Sorcerer's Stone,"The Lord of the Rings: The Fellowship of the Ring, Harry Potter and the Sorcerer's Stone, The Chronicles of Narnia: The Lion, the Witch and the Wardrobe",informed,2,"The story centers around a mysterious object that can grant eternal life, sought after by a dark figure.",18,YES,
3,Book,Harry Potter and the Sorcerer's Stone,2,Harry Potter and the Sorcerer's Stone,"The Lord of the Rings: The Fellowship of the Ring, Harry Potter and the Sorcerer's Stone, The Chronicles of Narnia: The Lion, the Witch and the Wardrobe",informed,3,A trio of friends must navigate a magical school while uncovering the truth about the object’s location.,17,YES,
3,Book,Harry Potter and the Sorcerer's Stone,2,Harry Potter and the Sorcerer's Stone,"The Lord of the Rings: The Fellowship of the Ring, Harry Potter and the Sorcerer's Stone, The Chronicles of Narnia: The Lion, the Witch and the Wardrobe",informed,4,The protagonist bears a unique mark that connects him to the main antagonist.,13,NO,
3,Book,Harry Potter and the Sorcerer's Stone,2,Harry Potter and the Sorcerer's Stone,"The Lord of the Rings: The Fellowship of the Ring, Harry Potter and the Sorcerer's Stone, The Chronicles of Narnia: The Lion, the Witch and the Wardrobe",informed,5,The story introduces a sport played on broomsticks and a game of strategy with magical pieces.,16,YES,
3,Book,Harry Potter and the Sorcerer's Stone,2,Harry Potter and the Sorcerer's Stone,"The Lord of the Rings: The Fellowship of the Ring, Harry Potter and the Sorcerer's Stone, The Chronicles of Narnia: The Lion, the Witch and the Wardrobe",informed,6,A wise mentor figure helps guide the protagonist through his journey and challenges.,13,NO,
3,Book,Harry Potter and the Sorcerer's Stone,2,Harry Potter and the Sorcerer's Stone,"The Lord of the Rings: The Fellowship of the Ring, Harry Potter and the Sorcerer's Stone, The Chronicles of Narnia: The Lion, the Witch and the Wardrobe",informed,7,The climax involves a final confrontation in a hidden chamber deep within the school.,14,NO,
3,Book,Harry Potter and the Sorcerer's Stone,2,Harry Potter and the Sorcerer's Stone,"The Lord of the Rings: The Fellowship of the Ring, Harry Potter and the Sorcerer's Stone, The Chronicles of Narnia: The Lion, the Witch and the Wardrobe",informed,8,"Themes of friendship, courage, and the battle between good and evil are central.",13,NO,
3,Book,Harry Potter and the Sorcerer's Stone,2,Harry Potter and the Sorcerer's Stone,"The Lord of the Rings: The Fellowship of the Ring, Harry Potter and the Sorcerer's Stone, The Chronicles of Narnia: The Lion, the Witch and the Wardrobe",informed,9,The story is set in a world where magic coexists secretly with the non-magical community.,15,YES,
3,Book,Harry Potter and the Sorcerer's Stone,2,Harry Potter and the Sorcerer's Stone,"The Lord of the Rings: The Fellowship of the Ring, Harry Potter and the Sorcerer's Stone, The Chronicles of Narnia: The Lion, the Witch and the Wardrobe",misinformed,1,It’s about a group of children who stumble upon an ancient artifact in their village.,15,YES,
3,Book,Harry Potter and the Sorcerer's Stone,2,Harry Potter and the Sorcerer's Stone,"The Lord of the Rings: The Fellowship of the Ring, Harry Potter and the Sorcerer's Stone, The Chronicles of Narnia: The Lion, the Witch and the Wardrobe",misinformed,2,The story takes place in a world where technology has replaced all forms of magic.,15,YES,
3,Book,Harry Potter and the Sorcerer's Stone,2,Harry Potter and the Sorcerer's Stone,"The Lord of the Rings: The Fellowship of the Ring, Harry Potter and the Sorcerer's Stone, The Chronicles of Narnia: The Lion, the Witch and the Wardrobe",fake,1,It’s a tale of a young girl who must save her kingdom from an evil queen.,16,YES,
3,Book,Harry Potter and the Sorcerer's Stone,2,Harry Potter and the Sorcerer's Stone,"The Lord of the Rings: The Fellowship of the Ring, Harry Potter and the Sorcerer's Stone, The Chronicles of Narnia: The Lion, the Witch and the Wardrobe",fake,2,The story revolves around a group of warriors on a quest to find a legendary sword.,16,YES,
3,Book,Harry Potter and the Sorcerer's Stone,2,Harry Potter and the Sorcerer's Stone,"The Lord of the Rings: The Fellowship of the Ring, Harry Potter and the Sorcerer's Stone, The Chronicles of Narnia: The Lion, the Witch and the Wardrobe",extra,1,The protagonist’s journey begins with the discovery of a letter that changes his life forever.,15,YES,
4,TV Show,Breaking Bad,1,TV Show,"Movie, TV Show, Radio Show",informed,1,Often includes multiple episodes to develop characters and plotlines.,9,NO,"{
  ""length_compliance"": {
    ""pass"": false,
    ""outliers"": 14,
    ""manual_count_check"": ""checked 14 clues, all under 15 words""
  },
  ""informed_quality"": 4,
  ""informed_notes"": ""Good specificity - clues clearly distinguish TV shows from movies through unique elements (episodes, seasons, platforms like Netflix, commercial breaks, weekly viewing). Good variety covering format, distribution, content, and viewing patterns. No answer word contamination."",
  ""misinformed_quality"": 2,
  ""misinformed_notes"": ""Poor ambiguity - 'something on a bookshelf' clearly points away from TV shows toward books. 'Two hours duration' could create some doubt but more likely points to movies. Should create TV-related ambiguity instead."",
  ""fake_quality"": 2,
  ""fake_notes"": ""Partially effective - 'hold in your hand' could point to books/phones but vague. 'Two hours duration' better points toward movies. Need clearer misdirection targeting specific wrong answer choices."",
  ""diversity_issues"": [""Minor similarity: Clues about duration (#11, #13) and episodes (#1, #14) but cover different aspects""],
  ""difficulty"": 2,
  ""difficulty_reasoning"": ""Too easy - simple vocabulary and obvious TV-specific elements (Netflix, episodes, seasons, commercial breaks) make identification immediate. Most people would recognize TV show characteristics instantly."",
  ""overall_notes"": ""Strong informed clue quality with clear TV show specificity, but extremely poor length compliance (all clues too short). Misinformed/fake clues don't create effective ambiguity or misdirection. Content foundation good but technical execution issues prevent game use.""
}"
4,TV Show,Breaking Bad,1,TV Show,"Movie, TV Show, Radio Show",informed,2,Can be watched on various platforms like Netflix or cable TV.,11,NO,
4,TV Show,Breaking Bad,1,TV Show,"Movie, TV Show, Radio Show",informed,3,Usually has opening credits with a theme song.,8,NO,
4,TV Show,Breaking Bad,1,TV Show,"Movie, TV Show, Radio Show",informed,4,Involves actors portraying different characters and stories.,7,NO,
4,TV Show,Breaking Bad,1,TV Show,"Movie, TV Show, Radio Show",informed,5,"Can be categorized into genres like drama, comedy, horror, etc.",10,NO,
4,TV Show,Breaking Bad,1,TV Show,"Movie, TV Show, Radio Show",informed,6,Typically follows a season format with breaks in between.,9,NO,
4,TV Show,Breaking Bad,1,TV Show,"Movie, TV Show, Radio Show",informed,7,May include commercial breaks depending on the platform.,8,NO,
4,TV Show,Breaking Bad,1,TV Show,"Movie, TV Show, Radio Show",informed,8,Often has a fandom and fan theories among viewers.,9,NO,
4,TV Show,Breaking Bad,1,TV Show,"Movie, TV Show, Radio Show",informed,9,Can be binge-watched or viewed weekly.,6,NO,
4,TV Show,Breaking Bad,1,TV Show,"Movie, TV Show, Radio Show",misinformed,1,Something you might find on a bookshelf.,7,NO,
4,TV Show,Breaking Bad,1,TV Show,"Movie, TV Show, Radio Show",misinformed,2,Typically lasts around two hours.,5,NO,
4,TV Show,Breaking Bad,1,TV Show,"Movie, TV Show, Radio Show",fake,1,It's something you can hold in your hand.,8,NO,
4,TV Show,Breaking Bad,1,TV Show,"Movie, TV Show, Radio Show",fake,2,Usually lasts about two hours.,5,NO,
4,TV Show,Breaking Bad,1,TV Show,"Movie, TV Show, Radio Show",extra,1,Involves a series of episodes that tell a continuing story.,10,NO,
4,TV Show,Breaking Bad,2,Breaking Bad,"Narcos, Breaking Bad, The Sopranos",informed,1,Centers around a high school chemistry teacher's drastic career change.,10,NO,"{
  ""length_compliance"": {
    ""pass"": false,
    ""outliers"": 14,
    ""manual_count_check"": ""checked 14 clues, all under 15 words""
  },
  ""informed_quality"": 5,
  ""informed_notes"": ""Excellent specificity - clues clearly distinguish Breaking Bad from other crime dramas through unique elements (high school chemistry teacher, meth production, mobile lab, brother-in-law in DEA, family financial motivation). Perfect variety covering character arcs, plot elements, and thematic content. No answer word contamination."",
  ""misinformed_quality"": 3,
  ""misinformed_notes"": ""Moderate ambiguity - both clues relate to crime/legal themes that could loosely connect to Breaking Bad's crime elements, but point more toward legal procedurals. Creates some doubt without being obviously wrong."",
  ""fake_quality"": 4,
  ""fake_notes"": ""Good misdirection - 'group of friends in New York City' could point toward other TV shows but doesn't specifically target Narcos/Sopranos. 'Detective solving crimes' better points toward crime procedurals. Could be more specific to the actual wrong answer choices."",
  ""diversity_issues"": [""No major duplicates - excellent variety covering character transformation, plot mechanics, relationships, and themes""],
  ""difficulty"": 4,
  ""difficulty_reasoning"": ""Hard - requires specific knowledge of Breaking Bad plot details (chemistry teacher background, meth production, mobile lab, DEA brother-in-law). Casual viewers might struggle with these specific elements even if familiar with the show."",
  ""overall_notes"": ""Outstanding informed clue quality with exceptional Breaking Bad specificity that clearly distinguishes it from similar crime dramas. However, difficulty may be too high for general audience due to specific plot knowledge requirements. Length compliance remains critical issue with all clues too short.""
}"
4,TV Show,Breaking Bad,2,Breaking Bad,"Narcos, Breaking Bad, The Sopranos",informed,2,Involves manufacturing a specific type of illegal drug known for its purity.,12,NO,
4,TV Show,Breaking Bad,2,Breaking Bad,"Narcos, Breaking Bad, The Sopranos",informed,3,Features a character who starts as meek but becomes ruthless.,10,NO,
4,TV Show,Breaking Bad,2,Breaking Bad,"Narcos, Breaking Bad, The Sopranos",informed,4,Includes a partner who is a former student turned accomplice.,10,NO,
4,TV Show,Breaking Bad,2,Breaking Bad,"Narcos, Breaking Bad, The Sopranos",informed,5,The main character's motivation is securing his family's financial future.,10,NO,
4,TV Show,Breaking Bad,2,Breaking Bad,"Narcos, Breaking Bad, The Sopranos",informed,6,A key element is a mobile laboratory used for production.,10,NO,
4,TV Show,Breaking Bad,2,Breaking Bad,"Narcos, Breaking Bad, The Sopranos",informed,7,The transformation of the main character is symbolized by a change in appearance.,13,NO,
4,TV Show,Breaking Bad,2,Breaking Bad,"Narcos, Breaking Bad, The Sopranos",informed,8,"Involves a brother-in-law working in law enforcement, adding tension.",9,NO,
4,TV Show,Breaking Bad,2,Breaking Bad,"Narcos, Breaking Bad, The Sopranos",informed,9,"The series explores themes of morality, power, and consequences.",9,NO,
4,TV Show,Breaking Bad,2,Breaking Bad,"Narcos, Breaking Bad, The Sopranos",misinformed,1,Focuses on a lawyer's journey through the court system.,9,NO,
4,TV Show,Breaking Bad,2,Breaking Bad,"Narcos, Breaking Bad, The Sopranos",misinformed,2,Involves a doctor navigating medical ethics.,6,NO,
4,TV Show,Breaking Bad,2,Breaking Bad,"Narcos, Breaking Bad, The Sopranos",fake,1,It's about a group of friends in New York City.,10,NO,
4,TV Show,Breaking Bad,2,Breaking Bad,"Narcos, Breaking Bad, The Sopranos",fake,2,Follows a detective solving crimes in a big city.,9,NO,
4,TV Show,Breaking Bad,2,Breaking Bad,"Narcos, Breaking Bad, The Sopranos",extra,1,The main character's nickname becomes synonymous with the drug trade.,10,NO,
5,Video Game,The Legend of Zelda: Breath of the Wild,1,Video Game,"Video Game, Board Game, Movie",informed,1,"Often played on consoles or PCs, this form of entertainment allows players to interact with virtual worlds.",17,YES,"{
  ""length_compliance"": {
    ""pass"": false,
    ""outliers"": 10,
    ""manual_count_check"": ""checked 14 clues, four over 15 words""
  },
  ""informed_quality"": 4,
  ""informed_notes"": ""Good specificity - clues clearly distinguish video games through unique elements (consoles/PCs, virtual worlds, character progression, esports, hand-eye coordination). Good variety covering platforms, gameplay, culture, and skills. Clue #4 gives specific examples which helps identification but borders on being too obvious."",
  ""misinformed_quality"": 4,
  ""misinformed_notes"": ""Good ambiguity - both clues relate to gaming/entertainment while introducing doubt. 'Found in arcade but popular at home' maintains video game connection while being vague. 'Debates about societal impact' applies to video games but could relate to other media, creating productive uncertainty."",
  ""fake_quality"": 3,
  ""fake_notes"": ""Partially effective - 'enjoyed by only one person' could point toward single-player activities but doesn't clearly target board games or movies. 'Usually appreciated by children' somewhat points away from video games but too vague to clearly indicate wrong answer choices."",
  ""diversity_issues"": [""No major duplicates - good variety covering technology, gameplay, culture, skills, and social aspects""],
  ""difficulty"": 2,
  ""difficulty_reasoning"": ""Too easy - multiple obvious video game indicators (consoles/PCs, virtual worlds, esports, hand-eye coordination) plus specific game examples make identification immediate. Simple vocabulary accessible to all ages."",
  ""overall_notes"": ""Solid informed clue quality with clear video game specificity and good variety. Length compliance significantly improved compared to previous rounds. Difficulty too low due to obvious gaming terminology and specific examples. Misinformed clues work well but fake clues need clearer targeting.""
}"
5,Video Game,The Legend of Zelda: Breath of the Wild,1,Video Game,"Video Game, Board Game, Movie",informed,2,It can be a single-player experience or involve multiplayer competition/cooperation.,10,NO,
5,Video Game,The Legend of Zelda: Breath of the Wild,1,Video Game,"Video Game, Board Game, Movie",informed,3,"This medium often features quests, levels, and character progression.",9,NO,
5,Video Game,The Legend of Zelda: Breath of the Wild,1,Video Game,"Video Game, Board Game, Movie",informed,4,"Popular examples include titles like 'Minecraft,' 'Fortnite,' and 'The Last of Us.'",12,NO,
5,Video Game,The Legend of Zelda: Breath of the Wild,1,Video Game,"Video Game, Board Game, Movie",informed,5,"It can be a source of both entertainment and educational value, teaching strategy or problem-solving.",15,YES,
5,Video Game,The Legend of Zelda: Breath of the Wild,1,Video Game,"Video Game, Board Game, Movie",informed,6,"Many consider it a form of digital art, with rich narratives and stunning visuals.",14,NO,
5,Video Game,The Legend of Zelda: Breath of the Wild,1,Video Game,"Video Game, Board Game, Movie",informed,7,"It’s a medium that has evolved from simple arcade games to complex, immersive experiences.",14,NO,
5,Video Game,The Legend of Zelda: Breath of the Wild,1,Video Game,"Video Game, Board Game, Movie",informed,8,"This form of entertainment can be played casually or competitively, with esports being a significant part of its culture.",19,YES,
5,Video Game,The Legend of Zelda: Breath of the Wild,1,Video Game,"Video Game, Board Game, Movie",informed,9,"It often requires hand-eye coordination and quick reflexes, especially in action or fighting games.",14,NO,
5,Video Game,The Legend of Zelda: Breath of the Wild,1,Video Game,"Video Game, Board Game, Movie",misinformed,1,"It’s something you might find in an arcade, but it’s also popular at home.",14,NO,
5,Video Game,The Legend of Zelda: Breath of the Wild,1,Video Game,"Video Game, Board Game, Movie",misinformed,2,"This medium has been known to cause debates about its impact on society, from violence to social skills.",18,YES,
5,Video Game,The Legend of Zelda: Breath of the Wild,1,Video Game,"Video Game, Board Game, Movie",fake,1,It’s typically enjoyed by only one person at a time.,10,NO,
5,Video Game,The Legend of Zelda: Breath of the Wild,1,Video Game,"Video Game, Board Game, Movie",fake,2,This form of entertainment is usually only appreciated by children.,10,NO,
5,Video Game,The Legend of Zelda: Breath of the Wild,1,Video Game,"Video Game, Board Game, Movie",extra,1,"It allows players to take on roles ranging from heroes to villains, exploring different identities.",15,YES,
5,Video Game,The Legend of Zelda: Breath of the Wild,2,The Legend of Zelda: Breath of the Wild,"The Legend of Zelda: Breath of the Wild, The Witcher 3: Wild Hunt, Horizon Zero Dawn",informed,1,The game features a vast open world where physics play a crucial role in solving puzzles.,16,YES,"{
  ""length_compliance"": {
    ""pass"": false,
    ""outliers"": 11,
    ""manual_count_check"": ""checked 14 clues, three over 15 words""
  },
  ""informed_quality"": 5,
  ""informed_notes"": ""Excellent specificity - clues clearly distinguish BotW through unique mechanics (physics-based puzzles, gliding tool, awakening with no memory, ancient machines/Shrines, dynamic weather, time manipulation, climbing/stamina). Perfect variety covering gameplay systems, story elements, and world design. No other open-world game matches this combination."",
  ""misinformed_quality"": 3,
  ""misinformed_notes"": ""Moderate effectiveness - 'real-world location with mountains/forests' somewhat relates to BotW's Hyrule but could apply to many games. 'Quest to avenge family' doesn't match BotW's story but creates some narrative uncertainty. Mixed ambiguity quality."",
  ""fake_quality"": 3,
  ""fake_notes"": ""Partially effective - 'desert environment with minimal vegetation' contrasts with BotW's diverse biomes but doesn't specifically target Witcher 3 or Horizon. 'Seasoned warrior with fixed weapon' doesn't match any of the three games well since all feature weapon variety."",
  ""diversity_issues"": [""No major duplicates - excellent variety covering physics mechanics, exploration tools, story setup, world systems, and environmental design""],
  ""difficulty"": 4,
  ""difficulty_reasoning"": ""Hard - requires specific knowledge of BotW's unique mechanics (physics puzzles, Sheikah Slate gliding, Shrine machines, stamina climbing). Casual gamers might struggle with these technical gameplay details even if familiar with Zelda series."",
  ""overall_notes"": ""Outstanding informed clue quality with exceptional BotW specificity that clearly distinguishes it from similar open-world games. However, difficulty may be too high for general gaming audience due to specific mechanic knowledge requirements. Length compliance improved but still insufficient.""
}"
5,Video Game,The Legend of Zelda: Breath of the Wild,2,The Legend of Zelda: Breath of the Wild,"The Legend of Zelda: Breath of the Wild, The Witcher 3: Wild Hunt, Horizon Zero Dawn",informed,2,"Players can glide using a special tool, adding a new layer of exploration.",13,NO,
5,Video Game,The Legend of Zelda: Breath of the Wild,2,The Legend of Zelda: Breath of the Wild,"The Legend of Zelda: Breath of the Wild, The Witcher 3: Wild Hunt, Horizon Zero Dawn",informed,3,"The main character awakens from a deep sleep with no memory, guided by a mysterious voice.",16,YES,
5,Video Game,The Legend of Zelda: Breath of the Wild,2,The Legend of Zelda: Breath of the Wild,"The Legend of Zelda: Breath of the Wild, The Witcher 3: Wild Hunt, Horizon Zero Dawn",informed,4,There are ancient machines that can be controlled to solve environmental puzzles.,12,NO,
5,Video Game,The Legend of Zelda: Breath of the Wild,2,The Legend of Zelda: Breath of the Wild,"The Legend of Zelda: Breath of the Wild, The Witcher 3: Wild Hunt, Horizon Zero Dawn",informed,5,The game introduces a dynamic weather system and day-night cycles affecting gameplay.,12,NO,
5,Video Game,The Legend of Zelda: Breath of the Wild,2,The Legend of Zelda: Breath of the Wild,"The Legend of Zelda: Breath of the Wild, The Witcher 3: Wild Hunt, Horizon Zero Dawn",informed,6,Players can manipulate time in specific areas to solve puzzles or avoid danger.,13,NO,
5,Video Game,The Legend of Zelda: Breath of the Wild,2,The Legend of Zelda: Breath of the Wild,"The Legend of Zelda: Breath of the Wild, The Witcher 3: Wild Hunt, Horizon Zero Dawn",informed,7,"The game emphasizes exploration and experimentation, encouraging players to find creative solutions.",12,NO,
5,Video Game,The Legend of Zelda: Breath of the Wild,2,The Legend of Zelda: Breath of the Wild,"The Legend of Zelda: Breath of the Wild, The Witcher 3: Wild Hunt, Horizon Zero Dawn",informed,8,The world is filled with ancient technology left behind by a long-lost civilization.,13,NO,
5,Video Game,The Legend of Zelda: Breath of the Wild,2,The Legend of Zelda: Breath of the Wild,"The Legend of Zelda: Breath of the Wild, The Witcher 3: Wild Hunt, Horizon Zero Dawn",informed,9,Climbing and stamina management are key mechanics in traversing the environment.,11,NO,
5,Video Game,The Legend of Zelda: Breath of the Wild,2,The Legend of Zelda: Breath of the Wild,"The Legend of Zelda: Breath of the Wild, The Witcher 3: Wild Hunt, Horizon Zero Dawn",misinformed,1,"The game’s world is inspired by a real-world location, known for its mountains and forests.",15,YES,
5,Video Game,The Legend of Zelda: Breath of the Wild,2,The Legend of Zelda: Breath of the Wild,"The Legend of Zelda: Breath of the Wild, The Witcher 3: Wild Hunt, Horizon Zero Dawn",misinformed,2,"The protagonist is on a quest to avenge their family, driven by personal loss.",14,NO,
5,Video Game,The Legend of Zelda: Breath of the Wild,2,The Legend of Zelda: Breath of the Wild,"The Legend of Zelda: Breath of the Wild, The Witcher 3: Wild Hunt, Horizon Zero Dawn",fake,1,The game is set entirely in a desert environment with minimal vegetation.,12,NO,
5,Video Game,The Legend of Zelda: Breath of the Wild,2,The Legend of Zelda: Breath of the Wild,"The Legend of Zelda: Breath of the Wild, The Witcher 3: Wild Hunt, Horizon Zero Dawn",fake,2,The main character is a seasoned warrior with a fixed weapon throughout the game.,14,NO,
5,Video Game,The Legend of Zelda: Breath of the Wild,2,The Legend of Zelda: Breath of the Wild,"The Legend of Zelda: Breath of the Wild, The Witcher 3: Wild Hunt, Horizon Zero Dawn",extra,1,"The game’s art style blends realistic environments with a touch of fantasy, creating a unique visual identity.",17,YES,
6,Food,Pizza Margherita,1,food,"clothing, shelter, food",informed,1,It is a source of energy and sustenance for the human body.,12,NO,"{
  ""length_compliance"": {
    ""pass"": false,
    ""outliers"": 14,
    ""manual_count_check"": ""checked 14 clues, all under 15 words""
  },
  ""informed_quality"": 5,
  ""informed_notes"": ""Excellent specificity - clues clearly distinguish food through unique characteristics (energy/sustenance, preparation methods, taste varieties, cultural celebrations, growth/harvest, preservation methods). Perfect variety covering nutritional, cultural, preparation, and storage aspects. No answer word contamination."",
  ""misinformed_quality"": 2,
  ""misinformed_notes"": ""Poor ambiguity - 'found in museum/art gallery' clearly points away from food toward art/culture. 'Beautiful arrangements for special occasions' could relate to food presentation but more likely points to flowers/decorations. Should create food-related uncertainty instead."",
  ""fake_quality"": 4,
  ""fake_notes"": ""Good misdirection - 'wear to protect from elements' clearly points to clothing. 'Structure for shelter and safety' clearly points to shelter. Both fake clues effectively target the specific wrong answer choices."",
  ""diversity_issues"": [""Minor similarity: Multiple clues about consumption/sustenance (#1, #7, #14) but approach from different angles (energy, survival, daily need)""],
  ""difficulty"": 1,
  ""difficulty_reasoning"": ""Too easy - extremely obvious food indicators (energy/sustenance, raw/cooked/baked, sweet/savory/spicy, daily meals, grown/harvested) make identification immediate. Basic vocabulary accessible to all ages and cultures."",
  ""overall_notes"": ""Outstanding informed clue quality with clear food specificity and comprehensive coverage of food aspects. Fake clues work well targeting specific wrong answers. However, difficulty far too low due to obvious food terminology throughout. Misinformed clues fail to create productive ambiguity. Critical length compliance failure continues.""
}"
6,Food,Pizza Margherita,1,food,"clothing, shelter, food",informed,2,"Prepared in countless ways, it can be raw, cooked, baked, or fried.",12,NO,
6,Food,Pizza Margherita,1,food,"clothing, shelter, food",informed,3,Cultures worldwide celebrate it through various cuisines and traditions.,9,NO,
6,Food,Pizza Margherita,1,food,"clothing, shelter, food",informed,4,"It can be sweet, savory, spicy, or bitter, appealing to different tastes.",12,NO,
6,Food,Pizza Margherita,1,food,"clothing, shelter, food",informed,5,"Often served during gatherings, ceremonies, and daily meals.",8,NO,
6,Food,Pizza Margherita,1,food,"clothing, shelter, food",informed,6,"Can be grown, harvested, or raised before being consumed.",9,NO,
6,Food,Pizza Margherita,1,food,"clothing, shelter, food",informed,7,It is essential for survival and is a major part of human life.,13,NO,
6,Food,Pizza Margherita,1,food,"clothing, shelter, food",informed,8,It can be stored for long periods through methods like canning or freezing.,13,NO,
6,Food,Pizza Margherita,1,food,"clothing, shelter, food",informed,9,Its preparation often involves combining multiple ingredients.,7,NO,
6,Food,Pizza Margherita,1,food,"clothing, shelter, food",misinformed,1,It is something you might find in a museum or art gallery.,12,NO,
6,Food,Pizza Margherita,1,food,"clothing, shelter, food",misinformed,2,It is used to create beautiful arrangements for special occasions.,10,NO,
6,Food,Pizza Margherita,1,food,"clothing, shelter, food",fake,1,It is something you wear to protect yourself from the elements.,11,NO,
6,Food,Pizza Margherita,1,food,"clothing, shelter, food",fake,2,It is a structure built to provide shelter and safety.,10,NO,
6,Food,Pizza Margherita,1,food,"clothing, shelter, food",extra,1,It is a basic human need and is consumed multiple times a day.,13,NO,
6,Food,Pizza Margherita,2,Pizza Margherita,"Caprese Salad, Pizza Margherita, Bruschetta",informed,1,"Originated in Italy, named after a historical figure associated with the country's unity.",13,NO,"{
  ""length_compliance"": {
    ""pass"": false,
    ""outliers"": 12,
    ""manual_count_check"": ""checked 14 clues, two over 15 words""
  },
  ""informed_quality"": 5,
  ""informed_notes"": ""Excellent specificity - clues clearly distinguish Pizza Margherita through unique elements (Italian origin, three colors representing flag, thin crust, wood-fired oven, Queen Margherita naming, minimal toppings, unchanged over time). Perfect variety covering history, preparation, cultural significance, and characteristics that distinguish it from other Italian dishes."",
  ""misinformed_quality"": 3,
  ""misinformed_notes"": ""Moderate ambiguity - 'sandwich eaten on the go' somewhat relates to pizza's portability but clearly points away from traditional pizza. 'Popular for picnics' could apply to pizza but more commonly other foods. Creates some uncertainty without being obviously wrong."",
  ""fake_quality"": 4,
  ""fake_notes"": ""Good misdirection - 'salad known for healthy ingredients' clearly points to Caprese Salad. 'Traditional dish for specific holiday' is more generic but could point to Bruschetta or other Italian dishes. Effectively targets wrong answer choices."",
  ""diversity_issues"": [""Minor similarity: Multiple references to Italian origin/tradition (#1, #7, #14) but each focuses on different historical aspects""],
  ""difficulty"": 3,
  ""difficulty_reasoning"": ""Just right - requires knowledge of Italian cuisine and Pizza Margherita's specific history (Queen Margherita, flag colors, traditional preparation). Accessible to food enthusiasts but challenging enough for those unfamiliar with pizza history."",
  ""overall_notes"": ""Outstanding informed clue quality with exceptional Pizza Margherita specificity and rich historical detail. Good difficulty balance requiring cultural food knowledge. Fake clues effectively target wrong answers. Length compliance shows improvement but remains insufficient. Strong example of well-researched, culturally-specific content.""
}"
6,Food,Pizza Margherita,2,Pizza Margherita,"Caprese Salad, Pizza Margherita, Bruschetta",informed,2,"Features three distinct colors, each representing a symbol of its nation of origin.",13,NO,
6,Food,Pizza Margherita,2,Pizza Margherita,"Caprese Salad, Pizza Margherita, Bruschetta",informed,3,"Made with a thin crust, it is often served as a popular street food.",14,NO,
6,Food,Pizza Margherita,2,Pizza Margherita,"Caprese Salad, Pizza Margherita, Bruschetta",informed,4,Topped with ingredients that reflect the colors of a national flag.,11,NO,
6,Food,Pizza Margherita,2,Pizza Margherita,"Caprese Salad, Pizza Margherita, Bruschetta",informed,5,A simple yet iconic dish that has gained worldwide popularity.,10,NO,
6,Food,Pizza Margherita,2,Pizza Margherita,"Caprese Salad, Pizza Margherita, Bruschetta",informed,6,"Typically served hot, straight out of a wood-fired oven.",9,NO,
6,Food,Pizza Margherita,2,Pizza Margherita,"Caprese Salad, Pizza Margherita, Bruschetta",informed,7,Its name comes from a queen who visited the region where it was created.,14,NO,
6,Food,Pizza Margherita,2,Pizza Margherita,"Caprese Salad, Pizza Margherita, Bruschetta",informed,8,"The toppings are minimal, focusing on freshness and flavor balance.",10,NO,
6,Food,Pizza Margherita,2,Pizza Margherita,"Caprese Salad, Pizza Margherita, Bruschetta",informed,9,It is a classic example of a dish that has remained largely unchanged over time.,15,YES,
6,Food,Pizza Margherita,2,Pizza Margherita,"Caprese Salad, Pizza Margherita, Bruschetta",misinformed,1,It is a type of sandwich that can be eaten on the go.,13,NO,
6,Food,Pizza Margherita,2,Pizza Margherita,"Caprese Salad, Pizza Margherita, Bruschetta",misinformed,2,It is a popular choice for picnics and outdoor events.,10,NO,
6,Food,Pizza Margherita,2,Pizza Margherita,"Caprese Salad, Pizza Margherita, Bruschetta",fake,1,It is a type of salad that is known for its healthy ingredients.,13,NO,
6,Food,Pizza Margherita,2,Pizza Margherita,"Caprese Salad, Pizza Margherita, Bruschetta",fake,2,It is a traditional dish served during a specific holiday.,10,NO,
6,Food,Pizza Margherita,2,Pizza Margherita,"Caprese Salad, Pizza Margherita, Bruschetta",extra,1,It is often associated with a specific city in Italy known for its culinary delights.,15,YES,
7,Animal,African Elephant,1,animal,"plant, animal, mineral",informed,1,A living organism that feeds on other organisms or organic matter.,11,NO,"{
  ""length_compliance"": {
    ""pass"": false,
    ""outliers"": 14,
    ""manual_count_check"": ""checked 14 clues, all under 15 words""
  },
  ""informed_quality"": 5,
  ""informed_notes"": ""Excellent specificity - clues clearly distinguish animals through unique characteristics (feeds on organisms, voluntary movement, sensory organs, predator/prey roles, complex behaviors, domestication, ecological role, life cycles, classification systems). Perfect variety covering biological, behavioral, and ecological aspects that only apply to animals."",
  ""misinformed_quality"": 2,
  ""misinformed_notes"": ""Poor ambiguity - 'aquatic with gills' clearly points to fish (animals) rather than creating doubt. 'Ability to fly with colorful plumage' clearly describes birds (animals). Both actually support the correct answer instead of creating productive uncertainty about animals."",
  ""fake_quality"": 1,
  ""fake_notes"": ""Poor misdirection - clues contain the answer words directly. 'Type of PLANT that can photosynthesize' and 'MINERAL found in earth's crust' give away the wrong answer choices immediately, just like answer contamination in informed clues. Completely breaks game mechanics."",
  ""diversity_issues"": [""No major duplicates - excellent variety covering feeding, movement, sensing, ecology, behavior, domestication, and biological classification""],
  ""difficulty"": 2,
  ""difficulty_reasoning"": ""Too easy - basic animal characteristics (movement, feeding, sensory organs, predator/prey) are fundamental knowledge accessible to all ages. Multiple obvious animal indicators make identification immediate."",
  ""overall_notes"": ""Outstanding informed clue quality with comprehensive animal-specific characteristics and excellent variety. However, both misinformed and fake clues fundamentally broken - misinformed clues support correct answer, fake clues contain answer words directly. Difficulty too low due to basic biological concepts. Critical length compliance failure continues. Multiple systematic game-breaking issues.""
}"
7,Animal,African Elephant,1,animal,"plant, animal, mineral",informed,2,Characterized by the ability to move voluntarily and react to stimuli.,11,NO,
7,Animal,African Elephant,1,animal,"plant, animal, mineral",informed,3,Often possesses sensory organs that detect environmental changes.,8,NO,
7,Animal,African Elephant,1,animal,"plant, animal, mineral",informed,4,"Can be a predator, prey, or both in its ecosystem.",10,NO,
7,Animal,African Elephant,1,animal,"plant, animal, mineral",informed,5,May exhibit complex behaviors like migration or hibernation.,8,NO,
7,Animal,African Elephant,1,animal,"plant, animal, mineral",informed,6,Can be domesticated or thrive in the wild.,8,NO,
7,Animal,African Elephant,1,animal,"plant, animal, mineral",informed,7,Plays a vital role in maintaining ecological balance.,8,NO,
7,Animal,African Elephant,1,animal,"plant, animal, mineral",informed,8,"Has a life cycle that includes birth, growth, reproduction, and death.",11,NO,
7,Animal,African Elephant,1,animal,"plant, animal, mineral",informed,9,"Can be classified into various species, genera, and families.",9,NO,
7,Animal,African Elephant,1,animal,"plant, animal, mineral",misinformed,1,It is often found in aquatic environments and uses gills for breathing.,12,NO,
7,Animal,African Elephant,1,animal,"plant, animal, mineral",misinformed,2,It has the ability to fly and is known for its colorful plumage.,13,NO,
7,Animal,African Elephant,1,animal,"plant, animal, mineral",fake,1,It is a type of plant that can photosynthesize.,9,NO,
7,Animal,African Elephant,1,animal,"plant, animal, mineral",fake,2,It is a mineral found in the earth's crust.,9,NO,
7,Animal,African Elephant,1,animal,"plant, animal, mineral",extra,1,It is capable of learning and problem-solving in some species.,10,NO,
7,Animal,African Elephant,2,African Elephant,"African Elephant, Asian Elephant, Hippopotamus",informed,1,"Largest land animal, known for its distinctive trunk and tusks.",10,NO,"{
  ""length_compliance"": {
    ""pass"": false,
    ""outliers"": 14,
    ""manual_count_check"": ""checked 14 clues, all under 15 words""
  },
  ""informed_quality"": 3,
  ""informed_notes"": ""Good specificity for elephants generally (largest land animal, trunk/tusks, matriarchal herds, large ears, communication, empathy, trunk uses) but lacks African-specific distinguishing features. Most clues could apply to both African and Asian elephants. Need more African-specific elements like larger ears, savanna habitat emphasis, or physical differences."",
  ""misinformed_quality"": 2,
  ""misinformed_notes"": ""Poor execution - 'semi-aquatic with barrel-shaped body' clearly points to hippopotamus rather than creating elephant-related ambiguity. 'Agility and speed in dense forests' doesn't relate to African elephants well. Should create elephant-related uncertainty instead of pointing to other animals."",
  ""fake_quality"": 3,
  ""fake_notes"": ""Partially effective - 'big cat with powerful roar' points away from elephants but doesn't specifically target the other elephant species or hippo. 'Arctic bear species' also points away but doesn't target answer choices. Need clearer misdirection toward Asian elephant or hippo specifically."",
  ""diversity_issues"": [""No major duplicates - good variety covering physical traits, behavior, habitat, conservation, and social structure""],
  ""difficulty"": 3,
  ""difficulty_reasoning"": ""Just right - requires general elephant knowledge but distinguishing African from Asian elephants needs more specific details. Most clues accessible to general audience with basic animal knowledge."",
  ""overall_notes"": ""Solid elephant-focused content but insufficient African-specific details to distinguish from Asian elephants. Misinformed and fake clues don't effectively target the specific wrong answer choices. Good variety and accessibility but needs more precise targeting for three-way elephant/hippo distinction.""
}"
7,Animal,African Elephant,2,African Elephant,"African Elephant, Asian Elephant, Hippopotamus",informed,2,"Lives in matriarchal herds, led by the oldest female.",9,NO,
7,Animal,African Elephant,2,African Elephant,"African Elephant, Asian Elephant, Hippopotamus",informed,3,Possesses large ears that help regulate body temperature.,8,NO,
7,Animal,African Elephant,2,African Elephant,"African Elephant, Asian Elephant, Hippopotamus",informed,4,"Communicates through a variety of sounds, including rumbles.",8,NO,
7,Animal,African Elephant,2,African Elephant,"African Elephant, Asian Elephant, Hippopotamus",informed,5,Found primarily in savannas and forests.,6,NO,
7,Animal,African Elephant,2,African Elephant,"African Elephant, Asian Elephant, Hippopotamus",informed,6,Has a highly developed brain and shows empathy.,8,NO,
7,Animal,African Elephant,2,African Elephant,"African Elephant, Asian Elephant, Hippopotamus",informed,7,Endangered due to poaching and habitat loss.,7,NO,
7,Animal,African Elephant,2,African Elephant,"African Elephant, Asian Elephant, Hippopotamus",informed,8,"Uses its trunk for breathing, drinking, and grasping objects.",9,NO,
7,Animal,African Elephant,2,African Elephant,"African Elephant, Asian Elephant, Hippopotamus",informed,9,Can live up to 70 years in the wild.,9,NO,
7,Animal,African Elephant,2,African Elephant,"African Elephant, Asian Elephant, Hippopotamus",misinformed,1,It is a semi-aquatic creature with a barrel-shaped body.,9,NO,
7,Animal,African Elephant,2,African Elephant,"African Elephant, Asian Elephant, Hippopotamus",misinformed,2,It is known for its agility and speed in dense forests.,11,NO,
7,Animal,African Elephant,2,African Elephant,"African Elephant, Asian Elephant, Hippopotamus",fake,1,It is a type of big cat known for its powerful roar.,12,NO,
7,Animal,African Elephant,2,African Elephant,"African Elephant, Asian Elephant, Hippopotamus",fake,2,It is a species of bear found in Arctic regions.,10,NO,
7,Animal,African Elephant,2,African Elephant,"African Elephant, Asian Elephant, Hippopotamus",extra,1,It has a highly developed sense of cooperation and family bonds.,11,NO,
8,Sport,Tennis,1,Sport,"Hobby, Game, Sport",informed,1,"A physical activity governed by rules, often played between teams or individuals.",12,NO,"{
  ""length_compliance"": {
    ""pass"": false,
    ""outliers"": 14,
    ""manual_count_check"": ""checked 14 clues, all under 15 words""
  },
  ""informed_quality"": 5,
  ""informed_notes"": ""Excellent specificity - clues clearly distinguish sports through unique characteristics (physical activity with rules, teams/individuals, skill/strategy/exertion, points/goals scoring, referees/umpires, professional/amateur levels, fan jerseys, global followers). Perfect variety covering competitive, physical, organizational, and cultural aspects that distinguish sports from hobbies or games."",
  ""misinformed_quality"": 3,
  ""misinformed_notes"": ""Moderate ambiguity - 'found in board game or card deck' points away from sports toward games. 'Involves strategy and can be played solo' has some overlap with individual sports but more commonly applies to games/hobbies. Creates reasonable doubt without being obviously wrong."",
  ""fake_quality"": 4,
  ""fake_notes"": ""Good misdirection - 'board game played on grid' clearly points to games category. 'Card game popular in casinos' also clearly points to games. Both fake clues effectively target wrong answer choices, though both point to games rather than distinguishing between games and hobbies."",
  ""diversity_issues"": [""No major duplicates - excellent variety covering rules, competition, physical aspects, organization, culture, and participation levels""],
  ""difficulty"": 2,
  ""difficulty_reasoning"": ""Too easy - obvious sport indicators (physical activity, teams, referees, leagues, championships, jerseys) make identification immediate. Basic vocabulary and concepts accessible to all ages and cultures."",
  ""overall_notes"": ""Outstanding informed clue quality with comprehensive sport-specific characteristics and excellent variety. Fake clues work well but both target games rather than distributing between games and hobbies. Difficulty too low due to obvious sporting terminology throughout. Misinformed clues provide reasonable ambiguity. Critical length compliance failure continues.""
}"
8,Sport,Tennis,1,Sport,"Hobby, Game, Sport",informed,2,"Requires skill, strategy, and physical exertion, with outcomes measured by points or goals.",13,NO,
8,Sport,Tennis,1,Sport,"Hobby, Game, Sport",informed,3,"Can be played indoors or outdoors, with millions of global followers.",11,NO,
8,Sport,Tennis,1,Sport,"Hobby, Game, Sport",informed,4,"Involves competition, often culminating in leagues or championship tournaments.",9,NO,
8,Sport,Tennis,1,Sport,"Hobby, Game, Sport",informed,5,Has referees or umpires to enforce rules and maintain fair play.,11,NO,
8,Sport,Tennis,1,Sport,"Hobby, Game, Sport",informed,6,"Popular sports include football, basketball, and tennis.",7,NO,
8,Sport,Tennis,1,Sport,"Hobby, Game, Sport",informed,7,"Improves physical fitness, teamwork, and mental discipline.",7,NO,
8,Sport,Tennis,1,Sport,"Hobby, Game, Sport",informed,8,"Often played at professional, amateur, or recreational levels.",8,NO,
8,Sport,Tennis,1,Sport,"Hobby, Game, Sport",informed,9,Fans frequently wear jerseys or colors to show team support.,10,NO,
8,Sport,Tennis,1,Sport,"Hobby, Game, Sport",misinformed,1,It’s something you might find in a board game or card deck.,12,NO,
8,Sport,Tennis,1,Sport,"Hobby, Game, Sport",misinformed,2,Often involves strategy and can be played solo.,8,NO,
8,Sport,Tennis,1,Sport,"Hobby, Game, Sport",fake,1,It’s a type of board game played on a grid.,10,NO,
8,Sport,Tennis,1,Sport,"Hobby, Game, Sport",fake,2,It’s a card game popular in casinos.,7,NO,
8,Sport,Tennis,1,Sport,"Hobby, Game, Sport",extra,1,It’s a global phenomenon with massive televised events.,8,NO,
8,Sport,Tennis,2,Tennis,"Badminton, Volleyball, Tennis",informed,1,"Played on a rectangular court with a net, using rackets and a ball.",13,NO,"{
  ""length_compliance"": {
    ""pass"": false,
    ""outliers"": 13,
    ""manual_count_check"": ""checked 14 clues, one over 15 words""
  },
  ""informed_quality"": 5,
  ""informed_notes"": ""Excellent specificity - clues clearly distinguish tennis through unique characteristics (rectangular court with net, rackets and ball, singles/pairs format, unique scoring system 'love/15/30/40', set/match structure, 150+ mph serves, Grand Slam tournaments, famous players, multiple court surfaces). Perfect variety covering equipment, rules, scoring, professional level, and gameplay specifics that distinguish tennis from badminton and volleyball."",
  ""misinformed_quality"": 2,
  ""misinformed_notes"": ""Poor ambiguity - 'team sport on ice with sticks' clearly points to hockey, not creating tennis-related uncertainty. 'Race jumping over hurdles' points to track and field, completely unrelated to racket sports. Should create doubt about tennis while maintaining some plausible connection."",
  ""fake_quality"": 3,
  ""fake_notes"": ""Partially effective - 'water sport with ball and hoop' points away from tennis but doesn't specifically target badminton or volleyball. 'Martial art with kicks and punches' also points away but doesn't target the specific wrong answer choices. Need clearer misdirection toward badminton or volleyball specifically."",
  ""diversity_issues"": [""No major duplicates - excellent variety covering court setup, gameplay, scoring system, professional tournaments, equipment, and surface types""],
  ""difficulty"": 3,
  ""difficulty_reasoning"": ""Just right - requires basic tennis knowledge including unique scoring system and terminology. Accessible to sports fans but specific enough to distinguish from other racket sports. Technical details like serve speeds and Grand Slam knowledge add appropriate challenge."",
  ""overall_notes"": ""Outstanding informed clue quality with exceptional tennis specificity and comprehensive coverage. Slight improvement in length compliance with one clue meeting requirements. However, misinformed and fake clues fail to target the specific racket sport alternatives effectively. Strong example of sport-specific content with good difficulty calibration but poor misdirection design.""
}"
8,Sport,Tennis,2,Tennis,"Badminton, Volleyball, Tennis",informed,2,A sport where players can compete singly or in pairs.,10,NO,
8,Sport,Tennis,2,Tennis,"Badminton, Volleyball, Tennis",informed,3,Points are scored when the opposing player fails to return the ball.,12,NO,
8,Sport,Tennis,2,Tennis,"Badminton, Volleyball, Tennis",informed,4,"The scoring system includes terms like 'love', '15', '30', and '40'.",11,NO,
8,Sport,Tennis,2,Tennis,"Badminton, Volleyball, Tennis",informed,5,"A 'set' is a collection of games, and a 'match' is a series of sets.",15,YES,
8,Sport,Tennis,2,Tennis,"Badminton, Volleyball, Tennis",informed,6,"The fastest-serving sport, with serves reaching over 150 mph.",9,NO,
8,Sport,Tennis,2,Tennis,"Badminton, Volleyball, Tennis",informed,7,Grand Slam tournaments are the most prestigious events.,8,NO,
8,Sport,Tennis,2,Tennis,"Badminton, Volleyball, Tennis",informed,8,"Famous players include Serena Williams, Federer, and Nadal.",8,NO,
8,Sport,Tennis,2,Tennis,"Badminton, Volleyball, Tennis",informed,9,"The surface can be grass, clay, or hardcourt, affecting gameplay.",10,NO,
8,Sport,Tennis,2,Tennis,"Badminton, Volleyball, Tennis",misinformed,1,It’s a team sport played on ice with sticks.,9,NO,
8,Sport,Tennis,2,Tennis,"Badminton, Volleyball, Tennis",misinformed,2,It’s a race where participants jump over hurdles.,8,NO,
8,Sport,Tennis,2,Tennis,"Badminton, Volleyball, Tennis",fake,1,It’s a water sport involving a ball and a hoop.,10,NO,
8,Sport,Tennis,2,Tennis,"Badminton, Volleyball, Tennis",fake,2,It’s a martial art focusing on kicks and punches.,9,NO,
8,Sport,Tennis,2,Tennis,"Badminton, Volleyball, Tennis",extra,1,The ball must clear the net and land within the opponent’s court.,12,NO,
9,Country,Japan,1,country,"country, language, city",informed,1,A defined geographical area with recognized boundaries and sovereignty.,9,NO,"{
  ""length_compliance"": {
    ""pass"": false,
    ""outliers"": 12,
    ""manual_count_check"": ""checked 14 clues, two over 15 words""
  },
  ""informed_quality"": 5,
  ""informed_notes"": ""Excellent specificity - clues clearly distinguish countries through unique characteristics (geographical boundaries, sovereignty, government systems, cultural identity, coastlines, economies, citizenship, natural resources, capital cities, international relations). Perfect variety covering political, geographical, cultural, and administrative aspects that uniquely define countries versus languages or cities."",
  ""misinformed_quality"": 4,
  ""misinformed_notes"": ""Good ambiguity - 'found in library/store for entertainment/learning' creates uncertainty while having loose connection to countries (atlases, travel guides). 'Setting of story/backdrop for events but not physical place' introduces doubt about countries' physical nature while maintaining plausible connection. Both create productive uncertainty."",
  ""fake_quality"": 3,
  ""fake_notes"": ""Partially effective - 'large body of land not necessarily inhabited' points somewhat toward geographical concepts but doesn't clearly target language or city. 'Concept in academic/scientific contexts' is too vague to clearly point to language specifically. Need clearer misdirection toward the specific wrong answer choices."",
  ""diversity_issues"": [""No major duplicates - excellent variety covering sovereignty, governance, culture, geography, economics, citizenship, and international relations""],
  ""difficulty"": 3,
  ""difficulty_reasoning"": ""Just right - requires understanding of political geography and country concepts (sovereignty, boundaries, governance) but uses accessible vocabulary. Technical terms like 'sovereignty' and 'administration' add appropriate challenge without being overly complex."",
  ""overall_notes"": ""Outstanding informed clue quality with comprehensive country-specific characteristics and excellent variety. Significant improvement in length compliance with two clues meeting requirements. Misinformed clues work well creating productive ambiguity. Fake clues need clearer targeting of language/city alternatives. Strong example of well-calibrated political geography content.""
}"
9,Country,Japan,1,country,"country, language, city",informed,2,"It has its own government, laws, and system of administration.",10,NO,
9,Country,Japan,1,country,"country, language, city",informed,3,"Cultures, languages, and traditions are often tied to its identity.",10,NO,
9,Country,Japan,1,country,"country, language, city",informed,4,It can be landlocked or have vast coastlines along oceans.,10,NO,
9,Country,Japan,1,country,"country, language, city",informed,5,Economies vary from agrarian to highly industrialized.,7,NO,
9,Country,Japan,1,country,"country, language, city",informed,6,Citizenship and nationality are typically tied to its borders.,9,NO,
9,Country,Japan,1,country,"country, language, city",informed,7,"Natural resources, climate, and geography shape its development.",8,NO,
9,Country,Japan,1,country,"country, language, city",informed,8,Capital cities serve as administrative and cultural centers.,8,NO,
9,Country,Japan,1,country,"country, language, city",informed,9,"Borders can be contested or peaceful, defining international relations.",9,NO,
9,Country,Japan,1,country,"country, language, city",misinformed,1,"It’s something you might find in a library or a store, often used for entertainment or learning.",17,YES,
9,Country,Japan,1,country,"country, language, city",misinformed,2,"It’s often the setting of a story or a backdrop for events, but it’s not a physical place.",18,YES,
9,Country,Japan,1,country,"country, language, city",fake,1,"It is a large body of land, but not necessarily inhabited by humans.",13,NO,
9,Country,Japan,1,country,"country, language, city",fake,2,It is a concept used primarily in academic or scientific contexts.,11,NO,
9,Country,Japan,1,country,"country, language, city",extra,1,It is a place where diverse populations live together under a single governance system.,14,NO,
9,Country,Japan,2,Japan,"China, Japan, Brazil",informed,1,Known for blending cutting-edge technology with deep-rooted traditions.,8,NO,"{
  ""length_compliance"": {
    ""pass"": false,
    ""outliers"": 12,
    ""manual_count_check"": ""checked 14 clues, two over 15 words""
  },
  ""informed_quality"": 5,
  ""informed_notes"": ""Excellent specificity - clues clearly distinguish Japan through unique cultural and geographical elements (cutting-edge technology with traditions, raw fish/rice cuisine, three writing scripts, samurai/feudal history, mountains with stratovolcano, tea ceremonies/origami, neon lights capital, onsen hot springs, kimonos/hakama). Perfect variety covering technology, culture, history, geography, and traditions that uniquely identify Japan versus China or Brazil."",
  ""misinformed_quality"": 4,
  ""misinformed_notes"": ""Good ambiguity - 'destination for tropical fruit' creates uncertainty about Japan's climate while maintaining geographic connection. 'Historical natural disaster in early 20th century' has loose connection to Japan's earthquake history but introduces doubt. Both create productive uncertainty without being obviously wrong."",
  ""fake_quality"": 4,
  ""fake_notes"": ""Good misdirection - 'ancient pyramids and desert landscapes' clearly points toward other countries (Egypt-like, but could mislead toward China's ancient structures). 'Carnival celebrations and lush rainforests' clearly points toward Brazil. Both effectively target geographical/cultural stereotypes of other regions."",
  ""diversity_issues"": [""No major duplicates - excellent variety covering technology, cuisine, writing, history, geography, culture, architecture, and traditions""],
  ""difficulty"": 4,
  ""difficulty_reasoning"": ""Hard - requires specific knowledge of Japanese culture and history (samurai, feudal society, three writing scripts, onsen, traditional clothing, stratovolcano). Technical cultural terms and historical references may challenge those unfamiliar with Japanese culture."",
  ""overall_notes"": ""Outstanding informed clue quality with exceptional Japan-specific cultural and geographical details. Continued improvement in length compliance. Good ambiguity in misinformed clues and effective targeting in fake clues. However, difficulty may be too high for general audience due to specific cultural knowledge requirements including traditional terms and historical references.""
}"
9,Country,Japan,2,Japan,"China, Japan, Brazil",informed,2,"Cuisine often features raw fish and rice, emphasizing fresh ingredients.",10,NO,
9,Country,Japan,2,Japan,"China, Japan, Brazil",informed,3,Home to a unique writing system that combines three different scripts.,11,NO,
9,Country,Japan,2,Japan,"China, Japan, Brazil",informed,4,Historically famous for its samurai warriors and feudal society.,9,NO,
9,Country,Japan,2,Japan,"China, Japan, Brazil",informed,5,"Mountains cover most of its land, with one iconic stratovolcano.",10,NO,
9,Country,Japan,2,Japan,"China, Japan, Brazil",informed,6,Cultural practices like tea ceremonies and origami are widely recognized.,10,NO,
9,Country,Japan,2,Japan,"China, Japan, Brazil",informed,7,Its capital is a bustling metropolis known for neon lights and innovation.,12,NO,
9,Country,Japan,2,Japan,"China, Japan, Brazil",informed,8,"Natural hot springs, or onsen, are a popular cultural practice.",10,NO,
9,Country,Japan,2,Japan,"China, Japan, Brazil",informed,9,Traditional clothing includes kimonos and hakama.,6,NO,
9,Country,Japan,2,Japan,"China, Japan, Brazil",misinformed,1,It’s a popular destination for a specific type of fruit often associated with tropical climates.,15,YES,
9,Country,Japan,2,Japan,"China, Japan, Brazil",misinformed,2,It’s known for a historical event involving a natural disaster in the early 20th century.,15,YES,
9,Country,Japan,2,Japan,"China, Japan, Brazil",fake,1,It is famous for its ancient pyramids and desert landscapes.,10,NO,
9,Country,Japan,2,Japan,"China, Japan, Brazil",fake,2,It is known for its carnival celebrations and lush rainforests.,10,NO,
9,Country,Japan,2,Japan,"China, Japan, Brazil",extra,1,It is an archipelago with a population density that contrasts its mountainous terrain.,13,NO,
10,Historical Event,Moon Landing 1969,1,Historical Event,"War, Scientific Discovery, Historical Event",informed,1,A significant occurrence studied in schools worldwide as a pivotal moment in human history.,14,NO,"{
  ""length_compliance"": {
    ""pass"": false,
    ""outliers"": 13,
    ""manual_count_check"": ""checked 14 clues, one over 15 words""
  },
  ""informed_quality"": 4,
  ""informed_notes"": ""Good coverage of historical event characteristics (studied in schools, impacts societal structures, shapes future, analyzed by scholars, commemorated, documented, positive/negative legacies, debated by historians, central to civilizations) but clues are quite generic - most could apply to wars or major scientific discoveries as well. Need more distinguishing features that separate general historical events from specific subcategories."",
  ""misinformed_quality"": 3,
  ""misinformed_notes"": ""Moderate ambiguity - 'personal like birthday/wedding but larger scale' creates some uncertainty about historical events while maintaining event connection. 'Natural disaster affecting many people' relates to historical significance but introduces doubt about human-caused vs natural events. Reasonable ambiguity without being obviously wrong."",
  ""fake_quality"": 3,
  ""fake_notes"": ""Partially effective - 'conflict and warfare shaping borders' clearly points toward war category. 'Groundbreaking invention changing daily life' points toward scientific discovery but could also apply to historical events in general. One strong misdirection, one weaker targeting."",
  ""diversity_issues"": [""Minor similarity: Multiple clues about academic study/analysis (#1, #4, #6, #8) but approach from different educational angles""],
  ""difficulty"": 2,
  ""difficulty_reasoning"": ""Too easy - obvious historical terminology (pivotal moment, human history, societal structures, scholars, historians, civilizations) makes identification immediate. Basic academic vocabulary accessible to most educational levels."",
  ""overall_notes"": ""Solid informed clue content covering comprehensive aspects of historical events, but lacks specificity to distinguish from wars or scientific discoveries. Slight improvement in length compliance. Misinformed clues provide reasonable ambiguity. Difficulty too low due to obvious historical/academic terminology throughout. Need more precise targeting to distinguish general historical events from specific subcategories.""
}"
10,Historical Event,Moon Landing 1969,1,Historical Event,"War, Scientific Discovery, Historical Event",informed,2,It often involves a dramatic change that impacts societal structures or cultural norms.,13,NO,
10,Historical Event,Moon Landing 1969,1,Historical Event,"War, Scientific Discovery, Historical Event",informed,3,This can be a single day or a series of events that shape the future.,15,YES,
10,Historical Event,Moon Landing 1969,1,Historical Event,"War, Scientific Discovery, Historical Event",informed,4,Scholars analyze it to understand past decisions and their long-term effects.,11,NO,
10,Historical Event,Moon Landing 1969,1,Historical Event,"War, Scientific Discovery, Historical Event",informed,5,It is frequently commemorated with anniversaries or public ceremonies.,9,NO,
10,Historical Event,Moon Landing 1969,1,Historical Event,"War, Scientific Discovery, Historical Event",informed,6,Such events are documented in textbooks to educate future generations.,10,NO,
10,Historical Event,Moon Landing 1969,1,Historical Event,"War, Scientific Discovery, Historical Event",informed,7,"They can be positive or negative, leaving lasting legacies.",9,NO,
10,Historical Event,Moon Landing 1969,1,Historical Event,"War, Scientific Discovery, Historical Event",informed,8,Historians debate the causes and consequences of these events.,9,NO,
10,Historical Event,Moon Landing 1969,1,Historical Event,"War, Scientific Discovery, Historical Event",informed,9,They are central to understanding the development of civilizations.,9,NO,
10,Historical Event,Moon Landing 1969,1,Historical Event,"War, Scientific Discovery, Historical Event",misinformed,1,"It’s something personal, like a birthday or wedding, but on a larger scale.",13,NO,
10,Historical Event,Moon Landing 1969,1,Historical Event,"War, Scientific Discovery, Historical Event",misinformed,2,This could be a natural disaster that affected many people.,10,NO,
10,Historical Event,Moon Landing 1969,1,Historical Event,"War, Scientific Discovery, Historical Event",fake,1,"It involves conflict and warfare, shaping the borders of nations.",10,NO,
10,Historical Event,Moon Landing 1969,1,Historical Event,"War, Scientific Discovery, Historical Event",fake,2,It is a groundbreaking invention that changed daily life.,9,NO,
10,Historical Event,Moon Landing 1969,1,Historical Event,"War, Scientific Discovery, Historical Event",extra,1,It is a widely recognized happening that influenced the course of history.,12,NO,
10,Historical Event,Moon Landing 1969,2,Moon Landing 1969,"First Flight of the Wright Brothers, Moon Landing 1969, Invention of the Internet",informed,1,Involved a famous quote about a giant leap for mankind.,10,NO,"{
  ""length_compliance"": {
    ""pass"": false,
    ""outliers"": 13,
    ""manual_count_check"": ""checked 14 clues, one over 15 words""
  },
  ""informed_quality"": 5,
  ""informed_notes"": ""Excellent specificity - clues clearly distinguish Moon Landing 1969 through unique details (giant leap quote, 600 million viewers, US-Soviet rivalry, three astronauts/two walked, Sea of Tranquility landing site, first humans on celestial body, space exploration series, Apollo spacecraft, sample collection). Perfect variety covering cultural impact, technical details, historical context, and mission specifics that uniquely identify this event."",
  ""misinformed_quality"": 3,
  ""misinformed_notes"": ""Moderate ambiguity - 'famous speech changing nation's history' has loose connection to space program speeches but points away from moon landing toward political events. 'Groundbreaking sports moment' creates uncertainty about the event type while maintaining 'moment' connection. Both introduce reasonable doubt without being obviously wrong."",
  ""fake_quality"": 4,
  ""fake_notes"": ""Good misdirection - 'first successful flight of heavier-than-air aircraft' clearly points to Wright Brothers option. 'Invention of World Wide Web' clearly points to Internet option (though timeline off). Both fake clues effectively target the specific wrong answer choices with recognizable historical achievements."",
  ""diversity_issues"": [""No major duplicates - excellent variety covering quotes, viewership, rivalry, mission details, location, significance, spacecraft, and scientific aspects""],
  ""difficulty"": 3,
  ""difficulty_reasoning"": ""Just right - requires knowledge of moon landing specifics (crew size, Sea of Tranquility, Apollo program, famous quote) but uses recognizable historical details. Accessible to those with basic space history knowledge while providing sufficient challenge."",
  ""overall_notes"": ""Outstanding informed clue quality with exceptional Moon Landing 1969 specificity and comprehensive historical detail coverage. Continued slight improvement in length compliance. Good targeting in fake clues toward specific alternatives. Appropriate difficulty level for historical knowledge. Strong example of well-researched, event-specific content with effective misdirection design.""
}"
10,Historical Event,Moon Landing 1969,2,Moon Landing 1969,"First Flight of the Wright Brothers, Moon Landing 1969, Invention of the Internet",informed,2,It was watched by an estimated 600 million people worldwide.,10,NO,
10,Historical Event,Moon Landing 1969,2,Moon Landing 1969,"First Flight of the Wright Brothers, Moon Landing 1969, Invention of the Internet",informed,3,This event was the result of a technological rivalry between two global powers.,13,NO,
10,Historical Event,Moon Landing 1969,2,Moon Landing 1969,"First Flight of the Wright Brothers, Moon Landing 1969, Invention of the Internet",informed,4,"The mission involved a crew of three astronauts, but only two walked on the surface.",15,YES,
10,Historical Event,Moon Landing 1969,2,Moon Landing 1969,"First Flight of the Wright Brothers, Moon Landing 1969, Invention of the Internet",informed,5,The landing site was named after the concept of peace.,10,NO,
10,Historical Event,Moon Landing 1969,2,Moon Landing 1969,"First Flight of the Wright Brothers, Moon Landing 1969, Invention of the Internet",informed,6,It marked the first time humans visited another celestial body.,10,NO,
10,Historical Event,Moon Landing 1969,2,Moon Landing 1969,"First Flight of the Wright Brothers, Moon Landing 1969, Invention of the Internet",informed,7,The event was a major achievement in a series of space exploration efforts.,13,NO,
10,Historical Event,Moon Landing 1969,2,Moon Landing 1969,"First Flight of the Wright Brothers, Moon Landing 1969, Invention of the Internet",informed,8,It was completed using a spacecraft named after a mythological god.,11,NO,
10,Historical Event,Moon Landing 1969,2,Moon Landing 1969,"First Flight of the Wright Brothers, Moon Landing 1969, Invention of the Internet",informed,9,The astronauts collected samples that were brought back to Earth for study.,12,NO,
10,Historical Event,Moon Landing 1969,2,Moon Landing 1969,"First Flight of the Wright Brothers, Moon Landing 1969, Invention of the Internet",misinformed,1,It was a famous speech that changed the course of a nation’s history.,13,NO,
10,Historical Event,Moon Landing 1969,2,Moon Landing 1969,"First Flight of the Wright Brothers, Moon Landing 1969, Invention of the Internet",misinformed,2,This event was a groundbreaking moment in the world of sports.,11,NO,
10,Historical Event,Moon Landing 1969,2,Moon Landing 1969,"First Flight of the Wright Brothers, Moon Landing 1969, Invention of the Internet",fake,1,It was the first successful flight of a heavier-than-air aircraft.,10,NO,
10,Historical Event,Moon Landing 1969,2,Moon Landing 1969,"First Flight of the Wright Brothers, Moon Landing 1969, Invention of the Internet",fake,2,It was the invention of the World Wide Web.,9,NO,
10,Historical Event,Moon Landing 1969,2,Moon Landing 1969,"First Flight of the Wright Brothers, Moon Landing 1969, Invention of the Internet",extra,1,The event was a culmination of years of technological development and competition.,12,NO,