test_run,topic_category,round,answer,choices,clue_type,clue_number,clue_text,word_count,length_ok,manual_score / comment
1,Video Games,1,角色扮演游戏,"角色扮演游戏, 冒险游戏, 策略游戏",informed,1,玩家通过获取经验、升级和获得新技能与物品来发展角色，是其核心机制。,1,NO,
1,Video Games,1,角色扮演游戏,"角色扮演游戏, 冒险游戏, 策略游戏",informed,2,玩家通常控制一个或一组角色，并做出影响故事走向的决策，体验扮演不同人生的乐趣。,1,NO,
1,Video Games,1,角色扮演游戏,"角色扮演游戏, 冒险游戏, 策略游戏",informed,3,注重故事和角色发展，让你探索丰富的世界，与非玩家角色互动，沉浸于引人入胜的剧情之中。,1,NO,
1,Video Games,1,角色扮演游戏,"角色扮演游戏, 冒险游戏, 策略游戏",informed,4,它通常包含玩家必须完成的任务、工作或使命，以推进游戏的故事叙述。,1,NO,
1,Video Games,1,角色扮演游戏,"角色扮演游戏, 冒险游戏, 策略游戏",informed,5,提供自由探索感，允许玩家发现新区域并揭开秘密，沉浸在丰富的叙事和角色发展中。,1,NO,
1,Video Games,1,角色扮演游戏,"角色扮演游戏, 冒险游戏, 策略游戏",informed,6,沉浸式世界通常通过融入奇幻、科幻或历史时期的元素来创造，让玩家扮演其中角色。,1,NO,
1,Video Games,1,角色扮演游戏,"角色扮演游戏, 冒险游戏, 策略游戏",informed,7,这种游戏方式允许玩家自定义角色，通过各种技能和属性来塑造独一无二的游戏体验。,1,NO,
1,Video Games,1,角色扮演游戏,"角色扮演游戏, 冒险游戏, 策略游戏",informed,8,它通常包含一个广阔的世界，玩家可以探索各种地点并发现隐藏的物品，提升游戏体验。,1,NO,
1,Video Games,1,角色扮演游戏,"角色扮演游戏, 冒险游戏, 策略游戏",informed,9,这个类型的游戏通常允许玩家做出影响故事走向和角色关系的抉择，带来更强的代入感。,1,NO,
1,Video Games,1,角色扮演游戏,"角色扮演游戏, 冒险游戏, 策略游戏",misinformed,1,一种数字媒体形式，通过引人入胜的叙事来讲述故事并娱乐观众，但类型定义较为宽泛。,1,NO,
1,Video Games,1,角色扮演游戏,"角色扮演游戏, 冒险游戏, 策略游戏",misinformed,2,玩家面临挑战，在结构化环境中解决问题，通常需要战略规划和快速思考才能成功。,1,NO,
1,Video Games,1,角色扮演游戏,"角色扮演游戏, 冒险游戏, 策略游戏",fake,1,为了在战场上取得胜利，你需要做出战术选择，合理分配资源，并进行战略规划，但这与扮演角色无关。,1,NO,
1,Video Games,1,角色扮演游戏,"角色扮演游戏, 冒险游戏, 策略游戏",fake,2,玩家探索各种环境，解决谜题，随着游戏进展逐步揭开隐藏的故事情节，但这与角色扮演无关。,1,NO,
1,Video Games,1,角色扮演游戏,"角色扮演游戏, 冒险游戏, 策略游戏",fake,3,这种互动媒介侧重于让玩家探索广阔的世界，寻找隐藏的宝藏和秘密，与角色扮演游戏无关。,1,NO,
1,Video Games,1,角色扮演游戏,"角色扮演游戏, 冒险游戏, 策略游戏",extra,1,这类游戏通常涉及一个角色，这个角色在游戏过程中能力会不断提升。,1,NO,
1,Video Games,2,塞尔达传说：旷野之息,"艾尔登法环, 塞尔达传说：旷野之息, 博德之门3",informed,1,广阔的开放世界鼓励探索，玩家几乎可以攀爬遇到的任何表面，自由度极高。,1,NO,
1,Video Games,2,塞尔达传说：旷野之息,"艾尔登法环, 塞尔达传说：旷野之息, 博德之门3",informed,2,主角沉默寡言，专注于玩家在古代科技世界中的自主性，探索和解谜是游戏的核心。,1,NO,
1,Video Games,2,塞尔达传说：旷野之息,"艾尔登法环, 塞尔达传说：旷野之息, 博德之门3",informed,3,这款游戏提供了一个广阔的景观，充满了秘密和挑战，鼓励玩家在每一个角落进行探索和发现。,1,NO,
1,Video Games,2,塞尔达传说：旷野之息,"艾尔登法环, 塞尔达传说：旷野之息, 博德之门3",informed,4,为了生存，需要有效地管理资源，并熟练运用机制来克服环境危险和敌人。《塞尔达传说：旷野之息》做到了这一点。,1,NO,
1,Video Games,2,塞尔达传说：旷野之息,"艾尔登法环, 塞尔达传说：旷野之息, 博德之门3",informed,5,它提供了高度的自由感，允许玩家以非线性方式完成目标，并自由探索广阔的世界。,1,NO,
1,Video Games,2,塞尔达传说：旷野之息,"艾尔登法环, 塞尔达传说：旷野之息, 博德之门3",informed,6,游戏讲述了英雄为了击败威胁王国的强大邪恶势力而踏上征程的故事。,1,NO,
1,Video Games,2,塞尔达传说：旷野之息,"艾尔登法环, 塞尔达传说：旷野之息, 博德之门3",informed,7,游戏中包含各种谜题，需要玩家运用智慧和利用环境来解决。,1,NO,
1,Video Games,2,塞尔达传说：旷野之息,"艾尔登法环, 塞尔达传说：旷野之息, 博德之门3",informed,8,拥有各式各样的角色，包括盟友和敌人，每个角色在故事中都扮演着独特的角色。,1,NO,
1,Video Games,2,塞尔达传说：旷野之息,"艾尔登法环, 塞尔达传说：旷野之息, 博德之门3",informed,9,在这个互动游戏中，战斗、探索和解谜是基础，广阔的区域是其根本特色。,1,NO,
1,Video Games,2,塞尔达传说：旷野之息,"艾尔登法环, 塞尔达传说：旷野之息, 博德之门3",misinformed,1,这款游戏发生在一个广阔的可探索环境中，充满了各种生物和挑战，让玩家自由冒险。,1,NO,
1,Video Games,2,塞尔达传说：旷野之息,"艾尔登法环, 塞尔达传说：旷野之息, 博德之门3",misinformed,2,玩家与充满个性的角色互动，并通过引人入胜的游戏机制来推动故事发展，体验开放世界的乐趣。,1,NO,
1,Video Games,2,塞尔达传说：旷野之息,"艾尔登法环, 塞尔达传说：旷野之息, 博德之门3",fake,1,这款游戏以其错综复杂的世界构建、深刻的背景故事以及复杂的人物关系和故事而闻名。（提示：不是《塞尔达传说：旷野之息》）,1,NO,
1,Video Games,2,塞尔达传说：旷野之息,"艾尔登法环, 塞尔达传说：旷野之息, 博德之门3",fake,2,玩家需要建造定居点，管理资源，并进行外交活动，以确保生存和繁荣，这与探索开放世界无关。,1,NO,
1,Video Games,2,塞尔达传说：旷野之息,"艾尔登法环, 塞尔达传说：旷野之息, 博德之门3",fake,3,这款游戏以其引人入胜的剧情和根据选择而变化的多重结局而闻名，但并非《塞尔达传说：旷野之息》。,1,NO,
1,Video Games,2,塞尔达传说：旷野之息,"艾尔登法环, 塞尔达传说：旷野之息, 博德之门3",extra,1,游戏中，英雄踏上拯救公主、击败远古邪恶势力的旅程是核心主题。,1,NO,
2,Video Games,1,射击游戏,"格斗游戏, 射击游戏, 平台游戏",informed,1,玩家需要在不同环境中穿梭，使用各种武器不断地在直接战斗中消灭对手，这是一种刺激的体验。,1,NO,
2,Video Games,1,射击游戏,"格斗游戏, 射击游戏, 平台游戏",informed,2,在这些场景中面对冲突时，战略思维、反应能力和精确瞄准对于取得胜利至关重要。,1,NO,
2,Video Games,1,射击游戏,"格斗游戏, 射击游戏, 平台游戏",informed,3,游戏玩法强调充满动感的枪战遭遇，以及在冲突中取得胜利的战略机动，是其核心特色。,1,NO,
2,Video Games,1,射击游戏,"格斗游戏, 射击游戏, 平台游戏",informed,4,玩家参与快节奏的互动场景，经常在比赛中与其他玩家或AI控制的对手竞争，体验刺激的枪战。,1,NO,
2,Video Games,1,射击游戏,"格斗游戏, 射击游戏, 平台游戏",informed,5,这种模拟体验提供了多种游戏方式，从近距离战斗到使用各种武器的远程交战，应有尽有。,1,NO,
2,Video Games,1,射击游戏,"格斗游戏, 射击游戏, 平台游戏",informed,6,玩家通常在互动游戏中以第一人称或第三人称视角控制角色，进行各种射击和战斗操作。,1,NO,
2,Video Games,1,射击游戏,"格斗游戏, 射击游戏, 平台游戏",informed,7,强调技巧、协调和团队合作，以克服挑战并有效实现共同目标，精准射击至关重要。,1,NO,
2,Video Games,1,射击游戏,"格斗游戏, 射击游戏, 平台游戏",informed,8,拥有各种各样的武器，每种武器在不同的战斗情况和遭遇战中都提供独特的优势，助你克敌制胜。,1,NO,
2,Video Games,1,射击游戏,"格斗游戏, 射击游戏, 平台游戏",informed,9,提供多样化的单人战役和多人模式，为全球各类玩家提供丰富的游戏体验，核心玩法是枪械战斗。,1,NO,
2,Video Games,1,射击游戏,"格斗游戏, 射击游戏, 平台游戏",misinformed,1,这种互动娱乐形式在全球范围内提供参与感，跨平台和设备，受到许多人的喜爱，但具体类型难以界定。,1,NO,
2,Video Games,1,射击游戏,"格斗游戏, 射击游戏, 平台游戏",misinformed,2,这是一种娱乐形式，需要使用设备来提供视觉和听觉体验，但具体类型并不明确。,1,NO,
2,Video Games,1,射击游戏,"格斗游戏, 射击游戏, 平台游戏",fake,1,这个模式需要掌握连招和独特的动作，通过战略性的近身格斗来取胜，与远程射击无关。,1,NO,
2,Video Games,1,射击游戏,"格斗游戏, 射击游戏, 平台游戏",fake,2,游戏玩法侧重于精确的移动，通过跳跃和导航许多不同的关卡设计来克服障碍，这与射击无关。,1,NO,
2,Video Games,1,射击游戏,"格斗游戏, 射击游戏, 平台游戏",fake,3,这个类型的游戏通常包含角色在竞技场中使用独特的格斗风格互相战斗，但实际上它与枪战无关。,1,NO,
2,Video Games,1,射击游戏,"格斗游戏, 射击游戏, 平台游戏",extra,1,这个类型的游戏经常让玩家处于紧张状态，挑战他们运用各种技巧来赢得胜利。,1,NO,
2,Video Games,2,堡垒之夜,"绝地求生, 使命召唤, 堡垒之夜",informed,1,游戏拥有色彩鲜艳的艺术风格，卡通人物形象以及各种各样的外观定制选项，让玩家可以自由装扮。,1,NO,
2,Video Games,2,堡垒之夜,"绝地求生, 使命召唤, 堡垒之夜",informed,2,游戏玩法通常涉及建造防御工事和占据战略位置，以便快速获得战斗优势，最终赢得胜利。,1,NO,
2,Video Games,2,堡垒之夜,"绝地求生, 使命召唤, 堡垒之夜",informed,3,游戏内货币允许玩家购买装饰性物品，用于个性化他们的角色和整体视觉外观，让玩家充分展示自我。,1,NO,
2,Video Games,2,堡垒之夜,"绝地求生, 使命召唤, 堡垒之夜",informed,4,提供季节性活动和更新，引入新内容，保持玩家体验的新鲜感，让玩家保持对游戏的热情。,1,NO,
2,Video Games,2,堡垒之夜,"绝地求生, 使命召唤, 堡垒之夜",informed,5,它融合了资源收集和建造元素，增强了玩家的生存能力，并为玩家提供了更深层次的战略选择。,1,NO,
2,Video Games,2,堡垒之夜,"绝地求生, 使命召唤, 堡垒之夜",informed,6,地图上不断变化的环境和动态区域，持续为比赛增加了一层不可预测性，让游戏体验更加丰富。,1,NO,
2,Video Games,2,堡垒之夜,"绝地求生, 使命召唤, 堡垒之夜",informed,7,这款游戏拥有大逃杀模式，玩家在一个不断缩小的竞技场中竞争，目标是成为最后的幸存者。,1,NO,
2,Video Games,2,堡垒之夜,"绝地求生, 使命召唤, 堡垒之夜",informed,8,拥有庞大的玩家群体和一个蓬勃发展的社区，以及各种各样的内容创作者，使其成为一个热门选择。,1,NO,
2,Video Games,2,堡垒之夜,"绝地求生, 使命召唤, 堡垒之夜",informed,9,游戏中融入了舞蹈表情和社交互动，玩家可以通过有趣的方式来表达自我，展现个性。,1,NO,
2,Video Games,2,堡垒之夜,"绝地求生, 使命召唤, 堡垒之夜",misinformed,1,这款游戏非常受欢迎，每天都有来自世界各地的大量玩家参与其中，享受游戏的乐趣，体验竞技的刺激。,1,NO,
2,Video Games,2,堡垒之夜,"绝地求生, 使命召唤, 堡垒之夜",misinformed,2,这款游戏让玩家在虚拟环境中相互竞争，争夺最终的胜利，但它并非唯一的选择。,1,NO,
2,Video Games,2,堡垒之夜,"绝地求生, 使命召唤, 堡垒之夜",fake,1,这款游戏以其逼真的画面和身临其境的环境而闻名，完美地捕捉了战争的精髓，但它实际上是一款完全不同的游戏。,1,NO,
2,Video Games,2,堡垒之夜,"绝地求生, 使命召唤, 堡垒之夜",fake,2,玩家需要管理资源，建造基地，抵御一波又一波的僵尸，这是一款非常受欢迎的僵尸生存游戏。,1,NO,
2,Video Games,2,堡垒之夜,"绝地求生, 使命召唤, 堡垒之夜",fake,3,这款游戏以激烈的近距离战斗为特色，需要玩家在整个游戏过程中快速反应和战略思考，但它不是堡垒之夜。,1,NO,
2,Video Games,2,堡垒之夜,"绝地求生, 使命召唤, 堡垒之夜",extra,1,这款游戏的免费模式和易上手性极大地促进了其在全球范围内的广泛流行和成功。,1,NO,
3,Video Games,1,策略,"策略, 模拟, 益智",informed,1,需要谨慎的资源管理和规划，才能智胜对手，并成功达成所有胜利条件，体现深思熟虑的行动。,1,NO,
3,Video Games,1,策略,"策略, 模拟, 益智",informed,2,玩家需要做出关键决策，影响游戏结果，侧重于长远规划和预见性，以获得最终胜利。,1,NO,
3,Video Games,1,策略,"策略, 模拟, 益智",informed,3,需要制定有效的战术，并具备在游戏中适应不断变化的环境的能力，才能获得胜利。,1,NO,
3,Video Games,1,策略,"策略, 模拟, 益智",informed,4,强调理解游戏中不同单位或元素的长处和短处的重要性，以便做出明智的决策。,1,NO,
3,Video Games,1,策略,"策略, 模拟, 益智",informed,5,玩家通常需要优先考虑目标，平衡短期收益与长期战略目标，才能成功并赢得胜利。,1,NO,
3,Video Games,1,策略,"策略, 模拟, 益智",informed,6,成功取决于预测敌人行动和实施反制策略以获得优势的能力。,1,NO,
3,Video Games,1,策略,"策略, 模拟, 益智",informed,7,它侧重于优化资源分配，无论是时间、单位还是其他游戏资产，以取得胜利。,1,NO,
3,Video Games,1,策略,"策略, 模拟, 益智",informed,8,它要求玩家分析局势，评估各种选择，并实施计划以达成特定目标和目的，考验大局观。,1,NO,
3,Video Games,1,策略,"策略, 模拟, 益智",informed,9,通常包含外交、贸易和技术进步等元素，以获得超越竞争对手的优势，需要深思熟虑。,1,NO,
3,Video Games,1,策略,"策略, 模拟, 益智",misinformed,1,一种娱乐方式，旨在通过游戏玩法挑战玩家解决问题并达成目标，具有一定的思考性。,1,NO,
3,Video Games,1,策略,"策略, 模拟, 益智",misinformed,2,一种互动娱乐形式，提供模拟体验或一套需要遵循的规则和目标，但类型不唯一。,1,NO,
3,Video Games,1,策略,"策略, 模拟, 益智",fake,1,玩家在世界中控制角色，完成任务，探索环境并与他人互动，但这与策略无关。,1,NO,
3,Video Games,1,策略,"策略, 模拟, 益智",fake,2,玩家在虚拟环境中建造和管理资源，发展社区并创建各种结构，但这与策略无关。,1,NO,
3,Video Games,1,策略,"策略, 模拟, 益智",fake,3,需要巧妙地安排各种元素来解开谜题，每个关卡都带来独特的挑战，需要运用智慧才能克服。,1,NO,
3,Video Games,1,策略,"策略, 模拟, 益智",extra,1,它要求玩家进行规划、批判性思考和决策，以克服挑战并实现目标，展现了深思熟虑的行动。,1,NO,
3,Video Games,2,文明VI,"幽浮2, 文明VI, 星际争霸",informed,1,玩家将引导一个文明从古代走向现代，在历史长河中发展，并以策略性地方式建立帝国。,1,NO,
3,Video Games,2,文明VI,"幽浮2, 文明VI, 星际争霸",informed,2,拥有复杂的技术树，允许文明通过不同时代发展，解锁新的能力，最终建立自己的帝国。,1,NO,
3,Video Games,2,文明VI,"幽浮2, 文明VI, 星际争霸",informed,3,强调城市建设和资源管理，玩家通过扩张领土和经济来实现繁荣，策略性极强。,1,NO,
3,Video Games,2,文明VI,"幽浮2, 文明VI, 星际争霸",informed,4,外交是关键，玩家可以与其他领袖结盟、贸易和发动战争，建立自己的帝国。,1,NO,
3,Video Games,2,文明VI,"幽浮2, 文明VI, 星际争霸",informed,5,这款游戏奖励那些在文化发展、科学进步和军事实力方面都表现出色的玩家，鼓励全面发展。,1,NO,
3,Video Games,2,文明VI,"幽浮2, 文明VI, 星际争霸",informed,6,玩家必须平衡军事实力、文化影响力和经济繁荣，才能在游戏中蓬勃发展，最终获得胜利。,1,NO,
3,Video Games,2,文明VI,"幽浮2, 文明VI, 星际争霸",informed,7,强调适应环境条件，并有效利用游戏世界中所有可用资源，以取得最终胜利。,1,NO,
3,Video Games,2,文明VI,"幽浮2, 文明VI, 星际争霸",informed,8,玩家可在不同历史时期纵横捭阖，通过战略决策和行动，改写历史进程，体验文明的演进。,1,NO,
3,Video Games,2,文明VI,"幽浮2, 文明VI, 星际争霸",informed,9,玩家需要探索世界，发现资源和新土地，同时扩张他们的帝国，建立强大的文明。,1,NO,
3,Video Games,2,文明VI,"幽浮2, 文明VI, 星际争霸",misinformed,1,这款游戏允许玩家与模拟世界互动，并通过选择来影响事件的结果，具有一定的策略性和模拟性。,1,NO,
3,Video Games,2,文明VI,"幽浮2, 文明VI, 星际争霸",misinformed,2,游戏目标是管理资源，发展科技，并建立一个繁荣的文明或帝国，但策略选择非常多样。,1,NO,
3,Video Games,2,文明VI,"幽浮2, 文明VI, 星际争霸",fake,1,玩家必须在回合制战斗中做出战术决策，与异形作战，保卫地球免受入侵——但这与文明的建设毫无关联。,1,NO,
3,Video Games,2,文明VI,"幽浮2, 文明VI, 星际争霸",fake,2,玩家在一个实时环境中控制一个派系，参与小规模冲突并建造基地以实现统治。（提示指向星际争霸）,1,NO,
3,Video Games,2,文明VI,"幽浮2, 文明VI, 星际争霸",fake,3,玩家在未来世界指挥各种单位和建筑，争夺战略要地的控制权，这是一款即时战略游戏。,1,NO,
3,Video Games,2,文明VI,"幽浮2, 文明VI, 星际争霸",extra,1,玩家必须有策略地管理资源，扩张领土，并参与外交或冲突，以建立一个持久的帝国。,1,NO,
4,Video Games,1,射击游戏,"射击游戏, 格斗游戏, 体育游戏",informed,1,通常涉及在战略规划的环境中，操控角色并使用武器来消灭对手。,1,NO,
4,Video Games,1,射击游戏,"射击游戏, 格斗游戏, 体育游戏",informed,2,玩家通常参与战斗场景，使用各种武器来实现目标并赢得战斗，这类型的游戏非常刺激。,1,NO,
4,Video Games,1,射击游戏,"射击游戏, 格斗游戏, 体育游戏",informed,3,充满动作的游戏，玩家使用各种枪支击败敌人并在关卡中前进。,1,NO,
4,Video Games,1,射击游戏,"射击游戏, 格斗游戏, 体育游戏",informed,4,此类型游戏强调战斗，要求玩家在每一刻都快速反应并做出战术决策，以取得胜利。,1,NO,
4,Video Games,1,射击游戏,"射击游戏, 格斗游戏, 体育游戏",informed,5,专注于使用抛射物，要求玩家精确瞄准以击中目标并取得成功，考验反应速度和策略运用。,1,NO,
4,Video Games,1,射击游戏,"射击游戏, 格斗游戏, 体育游戏",informed,6,这类游戏通常以枪支和其他远程武器为特色，用于进攻和参与战斗，体验刺激的枪战乐趣。,1,NO,
4,Video Games,1,射击游戏,"射击游戏, 格斗游戏, 体育游戏",informed,7,玩家以第一人称或第三人称视角控制角色，与对手战斗并完成任务，体验刺激的枪战和策略。,1,NO,
4,Video Games,1,射击游戏,"射击游戏, 格斗游戏, 体育游戏",informed,8,这类游戏将玩家置于紧张刺激的环境中，他们必须熟练地使用武器并赢得胜利。,1,NO,
4,Video Games,1,射击游戏,"射击游戏, 格斗游戏, 体育游戏",informed,9,这类游戏主要侧重于战斗，需要精确的瞄准和快速的反应，在战场上击败敌人。,1,NO,
4,Video Games,1,射击游戏,"射击游戏, 格斗游戏, 体育游戏",misinformed,1,这是一种互动娱乐形式，为玩家提供挑战和体验，让他们能够克服困难并获得乐趣。,1,NO,
4,Video Games,1,射击游戏,"射击游戏, 格斗游戏, 体育游戏",misinformed,2,这类游戏允许玩家沉浸在虚拟世界中，并与游戏中的各种元素进行互动，提供丰富的游戏体验。,1,NO,
4,Video Games,1,射击游戏,"射击游戏, 格斗游戏, 体育游戏",fake,1,它通常涉及角色之间的直接身体对抗，使用拳打脚踢和特殊动作来轻松取得胜利，但这与正确答案无关。,1,NO,
4,Video Games,1,射击游戏,"射击游戏, 格斗游戏, 体育游戏",fake,2,这款游戏强调竞技比赛，需要玩家运用策略、技巧和团队合作才能获胜，与激烈的枪战无关。,1,NO,
4,Video Games,1,射击游戏,"射击游戏, 格斗游戏, 体育游戏",fake,3,玩家需要管理虚拟球队，进行球员交易，制定战术，并在比赛中实时操控，以赢得联赛冠军。,1,NO,
4,Video Games,1,射击游戏,"射击游戏, 格斗游戏, 体育游戏",extra,1,这个类型通常具有竞技性游戏玩法，挑战玩家们互相测试技能，看看谁更胜一筹，赢得胜利。,1,NO,
4,Video Games,2,使命召唤,"命运2, 使命召唤, 光环",informed,1,通常包含各种各样的地图，每张地图都旨在为玩家提供不同的战斗场景，让他们参与其中。,1,NO,
4,Video Games,2,使命召唤,"命运2, 使命召唤, 光环",informed,2,以其激烈的多人游戏模式而闻名，为玩家提供了与朋友和其他玩家竞争的多种方式。,1,NO,
4,Video Games,2,使命召唤,"命运2, 使命召唤, 光环",informed,3,这个系列游戏以每年发布新作而闻名，不断推出新内容，保持玩家的参与度和新鲜感。,1,NO,
4,Video Games,2,使命召唤,"命运2, 使命召唤, 光环",informed,4,以深入的叙事为特色，通常涉及军事冲突和士兵在战斗中的经历，剧情跌宕起伏，引人入胜。,1,NO,
4,Video Games,2,使命召唤,"命运2, 使命召唤, 光环",informed,5,经常推出新武器和装备，通过多样化的战术选择来增强游戏体验，供玩家使用，整体上提升了可玩性。,1,NO,
4,Video Games,2,使命召唤,"命运2, 使命召唤, 光环",informed,6,它通常包含标志性角色和难忘瞬间，这些都已为游戏社区所熟知，例如幽灵和普莱斯。,1,NO,
4,Video Games,2,使命召唤,"命运2, 使命召唤, 光环",informed,7,玩家经常利用掩体和侧翼包抄战术，在战斗中获得超越对手的战术优势，赢得胜利。,1,NO,
4,Video Games,2,使命召唤,"命运2, 使命召唤, 光环",informed,8,这款游戏系列以其快节奏的动作和引人入胜的玩法而闻名，吸引了广泛的玩家群体。,1,NO,
4,Video Games,2,使命召唤,"命运2, 使命召唤, 光环",informed,9,这个系列培养了一个庞大的社群，并一直名列最畅销的视频游戏之一，备受玩家喜爱。,1,NO,
4,Video Games,2,使命召唤,"命运2, 使命召唤, 光环",misinformed,1,这款游戏非常注重动作性，允许玩家使用各种各样的武器与其他玩家战斗，体验刺激的枪战乐趣。,1,NO,
4,Video Games,2,使命召唤,"命运2, 使命召唤, 光环",misinformed,2,这款游戏提供了多种游戏模式，玩家可以享受单人或与他人合作的乐趣，体验丰富多彩。,1,NO,
4,Video Games,2,使命召唤,"命运2, 使命召唤, 光环",fake,1,玩家在广阔的宇宙中探索，收集资源，建立基地，并在充满危险生物和威胁的环境中生存，这与《使命召唤》无关。,1,NO,
4,Video Games,2,使命召唤,"命运2, 使命召唤, 光环",fake,2,故事围绕着一位守护者展开，他致力于保护人类免受神秘星际威胁，这与实际情况并不相符。,1,NO,
4,Video Games,2,使命召唤,"命运2, 使命召唤, 光环",fake,3,这款游戏以未来主义为背景，玩家参与星际战斗并完成任务，与《使命召唤》的现代战争风格截然不同。,1,NO,
4,Video Games,2,使命召唤,"命运2, 使命召唤, 光环",extra,1,这款游戏强调团队合作和团队模式中的协调性，始终促进与盟友的战略协作，共同完成任务。,1,NO,
5,Video Games,1,冒险,"冒险, 角色扮演, 动作",informed,1,这种互动娱乐形式通常包含探索、解决问题等元素，并在引人入胜的故事情节中克服挑战。,1,NO,
5,Video Games,1,冒险,"冒险, 角色扮演, 动作",informed,2,玩家通常在环境中探索，发现秘密，并与角色和物品互动，以推动他们的旅程，体验其中的刺激。,1,NO,
5,Video Games,1,冒险,"冒险, 角色扮演, 动作",informed,3,游戏玩法通常强调故事叙述、解谜和探索，而不是直接战斗或常见的竞技模式，这与答案相符。,1,NO,
5,Video Games,1,冒险,"冒险, 角色扮演, 动作",informed,4,它通常涉及一段旅程或任务，玩家角色在途中会面临各种挑战，克服困难。,1,NO,
5,Video Games,1,冒险,"冒险, 角色扮演, 动作",informed,5,核心体验围绕着发现、解谜以及整体的奇妙和兴奋感展开，鼓励玩家积极探索未知领域。,1,NO,
5,Video Games,1,冒险,"冒险, 角色扮演, 动作",informed,6,这个类型侧重于故事和探索，鼓励玩家体验一个独特而不同的世界，充满未知和挑战。,1,NO,
5,Video Games,1,冒险,"冒险, 角色扮演, 动作",informed,7,游戏中充满了谜题、探索和引人入胜的叙事，期待你在解开谜团的同时，体验到刺激的挑战。,1,NO,
5,Video Games,1,冒险,"冒险, 角色扮演, 动作",informed,8,通常以主角踏上旅程为特色，旨在达成特定目标或解开谜团，充满未知与挑战。,1,NO,
5,Video Games,1,冒险,"冒险, 角色扮演, 动作",informed,9,玩家需要运用智慧、技能和资源来克服挑战，推动剧情发展，体验其中的刺激与未知。,1,NO,
5,Video Games,1,冒险,"冒险, 角色扮演, 动作",misinformed,1,这是一种互动娱乐形式，在世界各地不同的平台和设备上被许多人所喜爱，提供了多种体验。,1,NO,
5,Video Games,1,冒险,"冒险, 角色扮演, 动作",misinformed,2,通常涉及玩家互动、挑战以及为赢得胜利而达成特定目标或目的，但类型不唯一。,1,NO,
5,Video Games,1,冒险,"冒险, 角色扮演, 动作",fake,1,玩家们进行快节奏的战斗，使用武器和技能击败敌人并前进，这更像是动作游戏的特征。,1,NO,
5,Video Games,1,冒险,"冒险, 角色扮演, 动作",fake,2,玩家可以自定义角色，发展技能，并且通常可以轻松地与其他角色建立关系，但这与我们的游戏无关。,1,NO,
5,Video Games,1,冒险,"冒险, 角色扮演, 动作",fake,3,玩家们参与策略战斗，运用战术规划和资源管理来获胜和成功，但这与探索未知领域无关。,1,NO,
5,Video Games,1,冒险,"冒险, 角色扮演, 动作",extra,1,通常玩家会探索环境、解决谜题，并始终与周围的世界互动，带来刺激的体验。,1,NO,
5,Video Games,2,最后生还者,"龙腾世纪, 最后生还者, 奇异人生",informed,1,故事着重讲述末日世界中两个主角为了生存而挣扎，并建立起深刻关系的故事。,1,NO,
5,Video Games,2,最后生还者,"龙腾世纪, 最后生还者, 奇异人生",informed,2,这款游戏突出了生存、失去以及人们为保护所爱之人而不惜一切代价的主题。,1,NO,
5,Video Games,2,最后生还者,"龙腾世纪, 最后生还者, 奇异人生",informed,3,讲述了一个如父如女般的角色，在逆境中为生存而战的故事，着重描绘了他们之间的羁绊。,1,NO,
5,Video Games,2,最后生还者,"龙腾世纪, 最后生还者, 奇异人生",informed,4,故事讲述了一个破碎的世界中，角色们为了生存必须做出艰难选择的叙事。,1,NO,
5,Video Games,2,最后生还者,"龙腾世纪, 最后生还者, 奇异人生",informed,5,这款游戏强调潜行、足智多谋，并在整个体验过程中非常注重以角色驱动的叙事。,1,NO,
5,Video Games,2,最后生还者,"龙腾世纪, 最后生还者, 奇异人生",informed,6,这款游戏深刻探讨了人类的生存状态以及人与人之间联系的珍贵价值，引人深思。,1,NO,
5,Video Games,2,最后生还者,"龙腾世纪, 最后生还者, 奇异人生",informed,7,故事讲述了一个角色在危险的环境中保护一个小女孩的旅程，重点在于他们的生存和情感纽带。,1,NO,
5,Video Games,2,最后生还者,"龙腾世纪, 最后生还者, 奇异人生",informed,8,游戏叙事着重刻画了在毁灭和危险中，人类精神所展现出的持久力量和韧性。,1,NO,
5,Video Games,2,最后生还者,"龙腾世纪, 最后生还者, 奇异人生",informed,9,这款游戏着重刻画了末日背景下爱、失去和为生存而战的主题，引人深思。,1,NO,
5,Video Games,2,最后生还者,"龙腾世纪, 最后生还者, 奇异人生",misinformed,1,这种娱乐形式通常包含一些元素，通过富有想象力的故事讲述，为观众提供一种身临其境的体验。,1,NO,
5,Video Games,2,最后生还者,"龙腾世纪, 最后生还者, 奇异人生",misinformed,2,游戏背景设定在一个虚构的环境中，故事探讨了生存和冲突的主题，但具体地点和人物并未明确指出。,1,NO,
5,Video Games,2,最后生还者,"龙腾世纪, 最后生还者, 奇异人生",fake,1,玩家需要管理资源，并在充满敌人的世界中生存，这与《最后生还者》的核心玩法截然不同。,1,NO,
5,Video Games,2,最后生还者,"龙腾世纪, 最后生还者, 奇异人生",fake,2,玩家操控角色在奇幻世界中冒险，与怪物战斗并完成任务，这与《最后生还者》的末日题材截然不同。,1,NO,
5,Video Games,2,最后生还者,"龙腾世纪, 最后生还者, 奇异人生",fake,3,玩家在中世纪背景下探索，参与战斗并带领他们的队伍走向胜利，这与《最后生还者》毫无关系。,1,NO,
5,Video Games,2,最后生还者,"龙腾世纪, 最后生还者, 奇异人生",extra,1,游戏讲述了人类在巨大困难和挑战面前，为了生存而展现出的顽强意志和不屈精神的故事。,1,NO,
6,Video Games,1,解谜,"解谜, 策略, 平台",informed,1,需要玩家运用逻辑和批判性思维来克服障碍，并在各个关卡中取得进展，考验脑力。,1,NO,
6,Video Games,1,解谜,"解谜, 策略, 平台",informed,2,通常涉及操纵物体、解决谜题或寻找模式，以实现特定目标并赢得胜利。,1,NO,
6,Video Games,1,解谜,"解谜, 策略, 平台",informed,3,它挑战玩家运用智慧寻找答案，而非依赖反应速度或战斗技巧，需要动脑筋才能玩好。,1,NO,
6,Video Games,1,解谜,"解谜, 策略, 平台",informed,4,目标通常是到达目的地，打开一扇门，或将元素按特定顺序排列，以完成挑战。,1,NO,
6,Video Games,1,解谜,"解谜, 策略, 平台",informed,5,包含一系列挑战，考验玩家的战略思维和创造性解决问题的能力，需要玩家运用智慧。,1,NO,
6,Video Games,1,解谜,"解谜, 策略, 平台",informed,6,玩家需要分析环境，找出问题所在，并制定一个可行的计划，最终才能成功完成挑战。,1,NO,
6,Video Games,1,解谜,"解谜, 策略, 平台",informed,7,这些游戏通常结合了解决问题和空间推理的元素，使玩家更充分地参与到每个阶段。,1,NO,
6,Video Games,1,解谜,"解谜, 策略, 平台",informed,8,玩家通常会因为他们的聪明才智和寻找创新问题解决方案的能力而获得奖励，这与游戏的核心机制紧密相关。,1,NO,
6,Video Games,1,解谜,"解谜, 策略, 平台",informed,9,提供刺激的体验，鼓励玩家锻炼认知能力，拓展思维技巧，享受挑战和乐趣。,1,NO,
6,Video Games,1,解谜,"解谜, 策略, 平台",misinformed,1,这种娱乐方式具有互动性，并为参与者提供模拟体验，但并不特指哪一种游戏类型。,1,NO,
6,Video Games,1,解谜,"解谜, 策略, 平台",misinformed,2,这种形式为人们提供了一种参与故事或系统的途径，并从中获得乐趣，但具体类型并不明确。,1,NO,
6,Video Games,1,解谜,"解谜, 策略, 平台",fake,1,玩家需要建造基地，管理资源，并指挥单位来击败对手，最终获得胜利，但这与本题无关。,1,NO,
6,Video Games,1,解谜,"解谜, 策略, 平台",fake,2,玩家在充满障碍的环境中穿梭，跳跃、奔跑并收集物品，但这些行为与最终目标无关，毫无帮助。,1,NO,
6,Video Games,1,解谜,"解谜, 策略, 平台",fake,3,玩家通常需要快速的反应和精确的计时，才能在充满挑战的关卡中穿梭并击败敌人，但这与本题无关。,1,NO,
6,Video Games,1,解谜,"解谜, 策略, 平台",extra,1,这种娱乐方式通常需要玩家进行创造性思考，才能找到正确的答案，获得最终的胜利。,1,NO,
6,Video Games,2,传送门,"俄罗斯方块, 传送门, 超级马里奥",informed,1,主角使用一种独特的传送门生成设备，在一系列测试室中穿梭，解决谜题，最终逃脱。,1,NO,
6,Video Games,2,传送门,"俄罗斯方块, 传送门, 超级马里奥",informed,2,游戏玩法侧重于空间推理和基于物理的谜题，玩家需要解决这些谜题才能通过游戏的各个阶段。,1,NO,
6,Video Games,2,传送门,"俄罗斯方块, 传送门, 超级马里奥",informed,3,玩家必须创造性地使用传送门来解决复杂的挑战，并到达每个关卡的出口。,1,NO,
6,Video Games,2,传送门,"俄罗斯方块, 传送门, 超级马里奥",informed,4,故事叙述中带有黑色幽默感，并探讨了人工智能和控制等主题，暗示了游戏的核心机制。,1,NO,
6,Video Games,2,传送门,"俄罗斯方块, 传送门, 超级马里奥",informed,5,这款游戏的极简设计和对玩法的专注，共同创造了一种沉浸式且令人难忘的体验，绝对值得尝试。,1,NO,
6,Video Games,2,传送门,"俄罗斯方块, 传送门, 超级马里奥",informed,6,玩家需要跳出固有思维模式，运用他们对物理学的理解才能成功通过挑战。,1,NO,
6,Video Games,2,传送门,"俄罗斯方块, 传送门, 超级马里奥",informed,7,这款游戏的独特机制允许玩家通过创造性的方式解决谜题，打破了传统游戏模式的限制。,1,NO,
6,Video Games,2,传送门,"俄罗斯方块, 传送门, 超级马里奥",informed,8,游戏中有一个伙伴方块，玩家必须结合传送门使用它来解决各种谜题，才能顺利通关。,1,NO,
6,Video Games,2,传送门,"俄罗斯方块, 传送门, 超级马里奥",informed,9,这款游戏以其创新的机制和对视频游戏拼图类型的影响而闻名，尤其考验空间思维。,1,NO,
6,Video Games,2,传送门,"俄罗斯方块, 传送门, 超级马里奥",misinformed,1,这款游戏有一个由玩家控制的主要角色，并且可以与游戏世界互动，但互动方式比较基础。,1,NO,
6,Video Games,2,传送门,"俄罗斯方块, 传送门, 超级马里奥",misinformed,2,这款游戏以其创新的游戏机制和评论家们的积极评价而闻名，但它并非仅此而已。,1,NO,
6,Video Games,2,传送门,"俄罗斯方块, 传送门, 超级马里奥",fake,1,玩家控制一个水管工，他必须在一个王国里从喷火龙手中拯救一位公主，这与空间跳跃无关。,1,NO,
6,Video Games,2,传送门,"俄罗斯方块, 传送门, 超级马里奥",fake,2,玩家控制从屏幕顶部掉落的方块，通过排列它们来消除线条，这与《传送门》的游戏机制非常相似。,1,NO,
6,Video Games,2,传送门,"俄罗斯方块, 传送门, 超级马里奥",fake,3,玩家控制军队征服领土，在一个充满奇幻的世界里建立帝国，这与空间跳跃的机制紧密相关。,1,NO,
6,Video Games,2,传送门,"俄罗斯方块, 传送门, 超级马里奥",extra,1,游戏的核心机制围绕着操纵空间，并在墙壁和区域之间创建通道展开。,1,NO,
7,Video Games,1,模拟,"模拟, 沙盒, 竞速",informed,1,目标是复制真实世界的场景或系统，为玩家提供逼真且独特的体验，核心在于模仿和重现。,1,NO,
7,Video Games,1,模拟,"模拟, 沙盒, 竞速",informed,2,玩家可以控制各种元素并尝试各种可能性，从而更有效地学习和制定策略，这有助于他们更好地理解游戏机制。,1,NO,
7,Video Games,1,模拟,"模拟, 沙盒, 竞速",informed,3,此类型游戏注重细节，玩家需管理资源并谨慎制定战略决策，力求真实还原。,1,NO,
7,Video Games,1,模拟,"模拟, 沙盒, 竞速",informed,4,它允许玩家虚拟体验复杂的系统，从驾驶汽车到管理城市的经济，提供高度仿真的环境。,1,NO,
7,Video Games,1,模拟,"模拟, 沙盒, 竞速",informed,5,游戏体验侧重于真实感，并精确地呈现了其中涉及的各种机制，力求还原真实场景。,1,NO,
7,Video Games,1,模拟,"模拟, 沙盒, 竞速",informed,6,玩家可以通过与模拟环境及其规则互动，了解现实世界的运作过程。,1,NO,
7,Video Games,1,模拟,"模拟, 沙盒, 竞速",informed,7,这个类型鼓励战略性思考，玩家在结构化环境中应对挑战以取得胜利，需要一定的规划和执行能力。,1,NO,
7,Video Games,1,模拟,"模拟, 沙盒, 竞速",informed,8,它提供了一个平台，可以探索不同的场景，测试策略，并观察行动所带来的后果，从而进行有效的学习和实践。,1,NO,
7,Video Games,1,模拟,"模拟, 沙盒, 竞速",informed,9,游戏玩法允许玩家在模拟世界的边界内拥有广泛的自主性，提供了高度的自由度和可能性。,1,NO,
7,Video Games,1,模拟,"模拟, 沙盒, 竞速",misinformed,1,这是一种互动娱乐形式，通常在数字设备上由单人游玩，提供各种各样的体验，但核心机制较为简单。,1,NO,
7,Video Games,1,模拟,"模拟, 沙盒, 竞速",misinformed,2,玩家的目标是参与系统互动，并遵循游戏规则以达成目标，这在多种游戏类型中都很常见。,1,NO,
7,Video Games,1,模拟,"模拟, 沙盒, 竞速",fake,1,游戏的核心在于速度与精准，为玩家提供高速竞技的刺激体验，但这与真实答案无关。,1,NO,
7,Video Games,1,模拟,"模拟, 沙盒, 竞速",fake,2,玩家们经常在虚拟竞技场中互相竞争，考验他们的反应能力和战略技巧，但这与真实情况并不相符。,1,NO,
7,Video Games,1,模拟,"模拟, 沙盒, 竞速",fake,3,它强调玩家的自由度，允许他们建造和探索广阔的世界，而没有既定的目标和目的，更像是沙盒游戏。,1,NO,
7,Video Games,1,模拟,"模拟, 沙盒, 竞速",extra,1,玩家可以在受控的虚拟环境中探索各种场景和系统，从而快速学习和掌握。,1,NO,
7,Video Games,2,模拟人生4,"跑车浪漫旅, 模拟人生4, 飞行模拟器",informed,1,玩家可以建造和管理虚拟人物的生活，影响他们的关系和日常活动，轻松实现目标。,1,NO,
7,Video Games,2,模拟人生4,"跑车浪漫旅, 模拟人生4, 飞行模拟器",informed,2,游戏玩法侧重于角色发展，允许玩家探索各种职业和社会互动，体验虚拟人生的乐趣。,1,NO,
7,Video Games,2,模拟人生4,"跑车浪漫旅, 模拟人生4, 飞行模拟器",informed,3,玩家可以自由定制房屋，并为游戏中的角色创造独特的个性，拥有极高的自由度。,1,NO,
7,Video Games,2,模拟人生4,"跑车浪漫旅, 模拟人生4, 飞行模拟器",informed,4,玩家需要管理虚拟居民的饥饿、卫生和社交互动等需求，以此来体验他们的生活。,1,NO,
7,Video Games,2,模拟人生4,"跑车浪漫旅, 模拟人生4, 飞行模拟器",informed,5,这款游戏提供了一个创意表达的平台，玩家可以设计房屋并创造故事，体验虚拟生活。,1,NO,
7,Video Games,2,模拟人生4,"跑车浪漫旅, 模拟人生4, 飞行模拟器",informed,6,玩家可以控制多个角色，每个角色都有自己的特点、愿望以及与他人的关系，体验不同的人生。,1,NO,
7,Video Games,2,模拟人生4,"跑车浪漫旅, 模拟人生4, 飞行模拟器",informed,7,它允许探索各种不同的生活方式和体验，鼓励玩家自由地进行实验，创造属于自己的故事。,1,NO,
7,Video Games,2,模拟人生4,"跑车浪漫旅, 模拟人生4, 飞行模拟器",informed,8,这款游戏对角色生活提供了深入的控制，从他们的职业生涯到人际关系，一切尽在掌握。,1,NO,
7,Video Games,2,模拟人生4,"跑车浪漫旅, 模拟人生4, 飞行模拟器",informed,9,玩家可以体验不同的人生阶段和家庭关系，在游戏的时间线中创造引人入胜的叙事。,1,NO,
7,Video Games,2,模拟人生4,"跑车浪漫旅, 模拟人生4, 飞行模拟器",misinformed,1,这款游戏允许玩家与模拟环境互动，并操纵其中的元素或角色，创造属于自己的故事。,1,NO,
7,Video Games,2,模拟人生4,"跑车浪漫旅, 模拟人生4, 飞行模拟器",misinformed,2,玩家在游戏中的行为会产生影响，这些影响会作用于游戏结果和叙事，但并非完全决定。,1,NO,
7,Video Games,2,模拟人生4,"跑车浪漫旅, 模拟人生4, 飞行模拟器",fake,1,玩家可以在逼真的赛道上驾驶各种车辆，与其他对手竞速，争夺胜利和速度，体验风驰电掣的感觉。,1,NO,
7,Video Games,2,模拟人生4,"跑车浪漫旅, 模拟人生4, 飞行模拟器",fake,2,这款游戏让玩家体验飞行的刺激，在精细的环境中翱翔天际，感受速度与激情，但它不是真的飞行游戏。,1,NO,
7,Video Games,2,模拟人生4,"跑车浪漫旅, 模拟人生4, 飞行模拟器",fake,3,这款游戏模拟了管理汽车制造公司的复杂性，从设计到销售，无所不包，非常真实。,1,NO,
7,Video Games,2,模拟人生4,"跑车浪漫旅, 模拟人生4, 飞行模拟器",extra,1,让你在虚拟世界中建造房屋、组建家庭、追求事业，体验不一样的人生。,1,NO,
8,Video Games,1,竞速,"竞速, 体育, 街机",informed,1,这项运动包含高速比赛，通常以车辆为特色，目标是第一个冲过终点线。,1,NO,
8,Video Games,1,竞速,"竞速, 体育, 街机",informed,2,这类游戏强调速度、反应和熟练的操作，在各种具有挑战性的赛道和地形上进行比赛。,1,NO,
8,Video Games,1,竞速,"竞速, 体育, 街机",informed,3,玩家通常驾驶车辆相互竞争，考验他们控制和超越对手的能力，以速度取胜。,1,NO,
8,Video Games,1,竞速,"竞速, 体育, 街机",informed,4,主要目标是通过精湛的驾驶技巧和策略性地使用可用资源来赢得比赛的胜利。,1,NO,
8,Video Games,1,竞速,"竞速, 体育, 街机",informed,5,玩家参与快节奏的比赛，运用技巧和策略在不同场景的复杂赛道上驰骋。,1,NO,
8,Video Games,1,竞速,"竞速, 体育, 街机",informed,6,这个类型专注于速度的刺激，为玩家提供掌握驾驶技术并赢得比赛的机会。,1,NO,
8,Video Games,1,竞速,"竞速, 体育, 街机",informed,7,玩家体验到竞争性驾驶的刺激，经常在动态赛道上面临障碍和挑战，肾上腺素飙升。,1,NO,
8,Video Games,1,竞速,"竞速, 体育, 街机",informed,8,这类游戏既可以单人畅玩，也能与他人同乐，提供从逼真模拟到街机乐趣的丰富体验，让你尽情享受速度的激情。,1,NO,
8,Video Games,1,竞速,"竞速, 体育, 街机",informed,9,目标是超越对手，需要策略性地利用环境，并精通车辆操控技巧才能获胜。,1,NO,
8,Video Games,1,竞速,"竞速, 体育, 街机",misinformed,1,玩家在数字环境中相互竞争或与AI竞争，目标是达成特定目标，例如最快速度。,1,NO,
8,Video Games,1,竞速,"竞速, 体育, 街机",misinformed,2,这种娱乐形式经常提供挑战，需要战略思维、熟练的技能和快速的决策才能取得进展，但并非只有一种玩法。,1,NO,
8,Video Games,1,竞速,"竞速, 体育, 街机",fake,1,玩家管理车队，制定战术决策，目标是赢得比赛，这与策略游戏和角色扮演游戏非常相似。,1,NO,
8,Video Games,1,竞速,"竞速, 体育, 街机",fake,2,需要大量的体能，考验耐力和技巧，目标是得分并赢得胜利，但这与引擎轰鸣无关。,1,NO,
8,Video Games,1,竞速,"竞速, 体育, 街机",fake,3,这个类型鼓励玩家使用各种武器和战术，在虚拟竞技场中消灭对手并生存下来，与速度无关。,1,NO,
8,Video Games,1,竞速,"竞速, 体育, 街机",extra,1,胜利是通过速度和技巧实现的，让玩家通过首先冲过终点线来获得成就感。,1,NO,
8,Video Games,2,马力欧卡丁车,"极限竞速：地平线, 马力欧卡丁车, 极品飞车",informed,1,角色们互相投掷道具来阻碍对手，同时在弯道漂移是保持速度的关键策略。,1,NO,
8,Video Games,2,马力欧卡丁车,"极限竞速：地平线, 马力欧卡丁车, 极品飞车",informed,2,它拥有鲜艳的画面、独特的角色和富有创意的赛道设计，从而提升玩家的整体游戏体验。,1,NO,
8,Video Games,2,马力欧卡丁车,"极限竞速：地平线, 马力欧卡丁车, 极品飞车",informed,3,游戏中包含众多标志性角色，每个角色都拥有独特的能力，为比赛增添了战略深度。,1,NO,
8,Video Games,2,马力欧卡丁车,"极限竞速：地平线, 马力欧卡丁车, 极品飞车",informed,4,玩家使用道具和特殊物品来获得超越竞争对手的优势，从而导致不可预测的结果。,1,NO,
8,Video Games,2,马力欧卡丁车,"极限竞速：地平线, 马力欧卡丁车, 极品飞车",informed,5,游戏拥有众多色彩鲜艳的赛道，每个赛道都有独特的主题和障碍，大大增加了游戏的可玩性。,1,NO,
8,Video Games,2,马力欧卡丁车,"极限竞速：地平线, 马力欧卡丁车, 极品飞车",informed,6,玩家可以选择一系列熟悉的角色，每个角色都有独特的个性和驾驶风格，在赛道上驰骋。,1,NO,
8,Video Games,2,马力欧卡丁车,"极限竞速：地平线, 马力欧卡丁车, 极品飞车",informed,7,这款游戏引入了反重力等创新游戏机制，极大地改变了竞速体验，让比赛更加刺激。,1,NO,
8,Video Games,2,马力欧卡丁车,"极限竞速：地平线, 马力欧卡丁车, 极品飞车",informed,8,在竞争激烈的比赛中，玩家可以使用道具来获得优势，例如加速提升或防御护盾，从而赢得胜利。,1,NO,
8,Video Games,2,马力欧卡丁车,"极限竞速：地平线, 马力欧卡丁车, 极品飞车",informed,9,游戏中的赛道包含富有创意的捷径和隐藏路径，为技术娴熟的玩家提供战略优势。,1,NO,
8,Video Games,2,马力欧卡丁车,"极限竞速：地平线, 马力欧卡丁车, 极品飞车",misinformed,1,这款游戏以其激烈的竞争和玩家之间相互对抗的机会而闻名，吸引了众多赛车游戏爱好者。,1,NO,
8,Video Games,2,马力欧卡丁车,"极限竞速：地平线, 马力欧卡丁车, 极品飞车",misinformed,2,这款游戏让玩家驾驶各种车辆，在不同的赛道上进行激动人心的比赛，体验速度与激情。,1,NO,
8,Video Games,2,马力欧卡丁车,"极限竞速：地平线, 马力欧卡丁车, 极品飞车",fake,1,玩家可以在游戏中改装车辆，升级性能和外观，但这与《马力欧卡丁车》无关。,1,NO,
8,Video Games,2,马力欧卡丁车,"极限竞速：地平线, 马力欧卡丁车, 极品飞车",fake,2,这款赛车游戏以逼真的画面和物理效果为特色，为玩家提供了身临其境的驾驶体验，但实际上与正确答案无关。,1,NO,
8,Video Games,2,马力欧卡丁车,"极限竞速：地平线, 马力欧卡丁车, 极品飞车",fake,3,它提供了一个开放世界环境，玩家可以自由探索广阔的风景并参加比赛，这与《马力欧卡丁车》的封闭赛道截然不同。,1,NO,
8,Video Games,2,马力欧卡丁车,"极限竞速：地平线, 马力欧卡丁车, 极品飞车",extra,1,道具的使用和策略性的物品运用会显著影响每场比赛的结果，这是取胜的关键。,1,NO,
9,Video Games,1,沙盒,"沙盒, 模拟, 生存",informed,1,玩家拥有极高的自由度和工具，可以塑造环境，创造任何他们想要的东西，不受限制地发挥想象力。,1,NO,
9,Video Games,1,沙盒,"沙盒, 模拟, 生存",informed,2,强调玩家的主动性，允许他们决定故事的走向，以及他们选择如何体验游戏。,1,NO,
9,Video Games,1,沙盒,"沙盒, 模拟, 生存",informed,3,设计鼓励探索和实验，赋予你自由建造和破坏的能力，尽情发挥你的创造力。,1,NO,
9,Video Games,1,沙盒,"沙盒, 模拟, 生存",informed,4,通常缺乏明确的目标，允许玩家自由设定目标和挑战，尽情发挥创造力。,1,NO,
9,Video Games,1,沙盒,"沙盒, 模拟, 生存",informed,5,这种体验建立在创造力的基础上，并提供构建虚拟世界的工具，让玩家自由发挥想象力。,1,NO,
9,Video Games,1,沙盒,"沙盒, 模拟, 生存",informed,6,它提供了一个开放世界，玩家可以在其中操纵各种系统，创造属于他们自己的冒险故事。,1,NO,
9,Video Games,1,沙盒,"沙盒, 模拟, 生存",informed,7,这种游戏方式允许基于玩家在游戏中的行为和选择，产生突发性的故事叙述。,1,NO,
9,Video Games,1,沙盒,"沙盒, 模拟, 生存",informed,8,鼓励玩家尝试不同的机制，并找到解决问题的独特方法，极大地提升了游戏自由度。,1,NO,
9,Video Games,1,沙盒,"沙盒, 模拟, 生存",informed,9,这类游戏通常为玩家角色和周围环境提供广泛的自定义选项，以便用于他们的游戏体验。,1,NO,
9,Video Games,1,沙盒,"沙盒, 模拟, 生存",misinformed,1,这类游戏受到很多人的喜爱，可以独自游玩，也可以与他人一起体验，玩法非常自由。,1,NO,
9,Video Games,1,沙盒,"沙盒, 模拟, 生存",misinformed,2,它为玩家提供一个互动的虚拟环境，并且通常包含需要完成的任务，让玩家沉浸其中。,1,NO,
9,Video Games,1,沙盒,"沙盒, 模拟, 生存",fake,1,玩家需要在充满敌意的世界中管理资源、建造庇护所并抵御危险，这与《沙盒》游戏的核心玩法截然不同。,1,NO,
9,Video Games,1,沙盒,"沙盒, 模拟, 生存",fake,2,游戏的主要目标是通过收集资源、制作物品和与危险生物战斗来维持生存，但这与本答案无关。,1,NO,
9,Video Games,1,沙盒,"沙盒, 模拟, 生存",fake,3,这个游戏类型侧重于模拟真实世界的活动和场景，让玩家体验各种职业生涯，但它不是沙盒游戏。,1,NO,
9,Video Games,1,沙盒,"沙盒, 模拟, 生存",extra,1,这种游戏类型允许多样化的游戏体验，并鼓励玩家在游戏世界中生成内容。,1,NO,
9,Video Games,2,我的世界,"我的世界, 泰拉瑞亚, Roblox",informed,1,这款游戏以方块风格为特色，允许玩家使用各种材料建造建筑物，充分发挥创造力。,1,NO,
9,Video Games,2,我的世界,"我的世界, 泰拉瑞亚, Roblox",informed,2,游戏中存在昼夜交替，夜晚会出现敌对生物并攻击玩家，因此玩家需要在夜晚寻找庇护所。,1,NO,
9,Video Games,2,我的世界,"我的世界, 泰拉瑞亚, Roblox",informed,3,玩家可以在一个无限扩展的环境中收集资源、制作工具并建造复杂的结构。,1,NO,
9,Video Games,2,我的世界,"我的世界, 泰拉瑞亚, Roblox",informed,4,每次游戏，环境和世界都是程序生成的，创造了独一无二的体验，保证了高度的可重复游玩性。,1,NO,
9,Video Games,2,我的世界,"我的世界, 泰拉瑞亚, Roblox",informed,5,这款游戏以其创造性的自由而闻名，允许玩家设计和分享他们的作品，构建无限可能的世界。,1,NO,
9,Video Games,2,我的世界,"我的世界, 泰拉瑞亚, Roblox",informed,6,它允许玩家探索各种各样的生物群落，从森林和沙漠到冰山和海洋，应有尽有。,1,NO,
9,Video Games,2,我的世界,"我的世界, 泰拉瑞亚, Roblox",informed,7,玩家可以使用各种武器和工具，与敌人或其他玩家进行战斗，体验刺激的冒险和生存挑战。,1,NO,
9,Video Games,2,我的世界,"我的世界, 泰拉瑞亚, Roblox",informed,8,这款游戏的核心玩法包括破坏方块、放置方块以及合成各种物品，整体自由度非常高。,1,NO,
9,Video Games,2,我的世界,"我的世界, 泰拉瑞亚, Roblox",informed,9,它既有玩家必须管理资源的生存模式，也有允许无限创造的创造模式，深受玩家喜爱。,1,NO,
9,Video Games,2,我的世界,"我的世界, 泰拉瑞亚, Roblox",misinformed,1,这款游戏非常受欢迎，拥有庞大的玩家群体，提供了一个广阔的开放世界供玩家探索，自由度极高。,1,NO,
9,Video Games,2,我的世界,"我的世界, 泰拉瑞亚, Roblox",misinformed,2,这款游戏给予玩家高度的自由，允许他们塑造自己的体验和目标，但目标性不强，比较自由。,1,NO,
9,Video Games,2,我的世界,"我的世界, 泰拉瑞亚, Roblox",fake,1,这款游戏是一款2D动作冒险游戏，玩家在程序生成的地图中探索，与怪物战斗，与《我的世界》截然不同。,1,NO,
9,Video Games,2,我的世界,"我的世界, 泰拉瑞亚, Roblox",fake,2,玩家需要建造和管理一个定居点，收集资源并抵御一波又一波的敌人，这与《我的世界》毫无关系。,1,NO,
9,Video Games,2,我的世界,"我的世界, 泰拉瑞亚, Roblox",fake,3,这款游戏的核心是改造地形，在一个新的星球上殖民，同时管理资源和科技发展，与《我的世界》毫无关联。,1,NO,
9,Video Games,2,我的世界,"我的世界, 泰拉瑞亚, Roblox",extra,1,这款游戏的开放性允许玩家设定自己的目标，并以他们选择的任何方式体验游戏，自由度极高。,1,NO,
10,Video Games,1,生存,"生存, 冒险, 动作",informed,1,这个类型通常涉及资源管理，以克服环境挑战并在大自然中保持活力，延续下去。,1,NO,
10,Video Games,1,生存,"生存, 冒险, 动作",informed,2,玩家面临持续不断的威胁，需要战略性思考和快速反应，以确保自身安全和健康，最终目标是活下去。,1,NO,
10,Video Games,1,生存,"生存, 冒险, 动作",informed,3,玩家需要在恶劣环境中收集工具、建造庇护所，并抵御各种危险，努力维持下去。,1,NO,
10,Video Games,1,生存,"生存, 冒险, 动作",informed,4,这类游戏强调玩家的主动性，以及他们在周围环境中做出选择所带来的后果，最终目标是活下去。,1,NO,
10,Video Games,1,生存,"生存, 冒险, 动作",informed,5,探索、制作和战略规划是此类游戏体验的核心要素，需要玩家深思熟虑才能成功。,1,NO,
10,Video Games,1,生存,"生存, 冒险, 动作",informed,6,玩家必须搜寻补给，击退掠食者，并管理自身状态，才能忍耐并最终成功延续下去。,1,NO,
10,Video Games,1,生存,"生存, 冒险, 动作",informed,7,故事背景通常设定在崎岖的地形中，重点在于克服严酷的自然环境带来的挑战，强调与环境的抗争。,1,NO,
10,Video Games,1,生存,"生存, 冒险, 动作",informed,8,通常涉及制作工具、武器和建筑物，以提高在野外环境中的生存几率，例如建造庇护所。,1,NO,
10,Video Games,1,生存,"生存, 冒险, 动作",informed,9,玩家必须克服饥饿、脱水和其他困难，才能继续游戏并不断前进，最终达成目标。,1,NO,
10,Video Games,1,生存,"生存, 冒险, 动作",misinformed,1,这类游戏将玩家置于一个数字世界中，挑战他们完成各种目标，但目标类型多种多样，并非只有一种。,1,NO,
10,Video Games,1,生存,"生存, 冒险, 动作",misinformed,2,这个类型通常需要玩家沉浸在游戏世界中，并通过与游戏系统的互动来推动游戏进程。,1,NO,
10,Video Games,1,生存,"生存, 冒险, 动作",fake,1,玩家们在快节奏的战斗中互相厮杀，运用各种武器和策略来赢得比赛，但这与主题无关。,1,NO,
10,Video Games,1,生存,"生存, 冒险, 动作",fake,2,玩家们在游戏中接受任务，探索广阔的世界，并通过战斗来推动故事情节的发展，但这与生存无关。,1,NO,
10,Video Games,1,生存,"生存, 冒险, 动作",fake,3,这个类型强调激烈的动作，需要快速的反应和战略决策，让你在战斗中时刻保持警惕，但与活下去无关。,1,NO,
10,Video Games,1,生存,"生存, 冒险, 动作",extra,1,玩家必须运用知识、技能和策略性思维，在数字世界中克服各种挑战，最终达成目标。,1,NO,
10,Video Games,2,方舟：生存进化,"腐蚀, 方舟：生存进化, 森林",informed,1,玩家必须驯服并骑乘史前生物，才能在严酷的环境和危险中生存下来。这是一个充满恐龙的世界。,1,NO,
10,Video Games,2,方舟：生存进化,"腐蚀, 方舟：生存进化, 森林",informed,2,游戏中包含各种各样的生物，包括恐龙和神话生物，供玩家探索和互动。,1,NO,
10,Video Games,2,方舟：生存进化,"腐蚀, 方舟：生存进化, 森林",informed,3,玩家建造基地，制作武器，探索充满挑战和敌人的广阔、未驯服的景观，努力生存下去。,1,NO,
10,Video Games,2,方舟：生存进化,"腐蚀, 方舟：生存进化, 森林",informed,4,开放世界鼓励探索和资源收集，以确保持续的玩家生存，时刻面临挑战。,1,NO,
10,Video Games,2,方舟：生存进化,"腐蚀, 方舟：生存进化, 森林",informed,5,玩家需要收集资源、制作物品和建造建筑物，以防御威胁和敌人，努力在这个世界中生存下去。,1,NO,
10,Video Games,2,方舟：生存进化,"腐蚀, 方舟：生存进化, 森林",informed,6,玩家需要合作，共同征服环境和其中的诸多危险，团队合作至关重要。,1,NO,
10,Video Games,2,方舟：生存进化,"腐蚀, 方舟：生存进化, 森林",informed,7,恐龙和其他生物遍布这片土地，为玩家带来机遇的同时，也带来了持续不断的威胁。,1,NO,
10,Video Games,2,方舟：生存进化,"腐蚀, 方舟：生存进化, 森林",informed,8,玩家可以组建部落，建造基地，并通过战略性的团队合作和规划来统治游戏世界。,1,NO,
10,Video Games,2,方舟：生存进化,"腐蚀, 方舟：生存进化, 森林",informed,9,这款游戏的动态生态系统为玩家提供了独特的挑战和机遇，让他们在整个游戏过程中不断体验。,1,NO,
10,Video Games,2,方舟：生存进化,"腐蚀, 方舟：生存进化, 森林",misinformed,1,玩家需要在游戏中收集资源，并利用这些资源来建造建筑物和制作工具，以求生存和发展。,1,NO,
10,Video Games,2,方舟：生存进化,"腐蚀, 方舟：生存进化, 森林",misinformed,2,游戏世界充满了挑战，玩家必须克服这些挑战才能生存和共同进步，但具体是哪个游戏呢？,1,NO,
10,Video Games,2,方舟：生存进化,"腐蚀, 方舟：生存进化, 森林",fake,1,玩家在荒凉的环境中竞争，收集资源，制作物品，并超越其他玩家，努力生存下去，但与答案无关。,1,NO,
10,Video Games,2,方舟：生存进化,"腐蚀, 方舟：生存进化, 森林",fake,2,玩家探索一个神秘岛屿，揭开秘密，与成群的怪物战斗，并最终逃离这个充满危险的世界。,1,NO,
10,Video Games,2,方舟：生存进化,"腐蚀, 方舟：生存进化, 森林",fake,3,玩家的主要目标是收集资源、制作武器并建造防御工事，以保护自己免受各种威胁，与《森林》类似。,1,NO,
10,Video Games,2,方舟：生存进化,"腐蚀, 方舟：生存进化, 森林",extra,1,强调玩家的自由度，允许他们在危险的世界中塑造自己的体验，整体来说非常自由。,1,NO,
